-- phpMyAdmin SQL Dump
-- version 5.0.3
-- https://www.phpmyadmin.net/
--
-- Hôte : 127.0.0.1
-- Généré le : jeu. 18 nov. 2021 à 16:15
-- Version du serveur :  10.4.14-MariaDB
-- Version de PHP : 7.4.11

SET SQL_MODE = "NO_AUTO_VALUE_ON_ZERO";
START TRANSACTION;
SET time_zone = "+00:00";


/*!40101 SET @OLD_CHARACTER_SET_CLIENT=@@CHARACTER_SET_CLIENT */;
/*!40101 SET @OLD_CHARACTER_SET_RESULTS=@@CHARACTER_SET_RESULTS */;
/*!40101 SET @OLD_COLLATION_CONNECTION=@@COLLATION_CONNECTION */;
/*!40101 SET NAMES utf8mb4 */;

--
-- Base de données : `gsb`
--

-- --------------------------------------------------------

--
-- Structure de la table `comptable`
--

CREATE TABLE `comptable` (
  `id` char(4) NOT NULL,
  `nom` char(30) DEFAULT NULL,
  `prenom` char(30) DEFAULT NULL,
  `login` char(20) DEFAULT NULL,
  `mdp` char(20) DEFAULT NULL,
  `ville` char(30) DEFAULT NULL
) ENGINE=InnoDB DEFAULT CHARSET=utf8mb4;

--
-- Déchargement des données de la table `comptable`
--

INSERT INTO `comptable` (`id`, `nom`, `prenom`, `login`, `mdp`, `ville`) VALUES
('c10', 'Murillo', 'Raquel', 'Lisbonne', 'mux7g', NULL),
('c20', 'Oliveira', 'Silene', 'Tokyo', 'ollg5', NULL),
('c30', 'Cortés', 'Annibal', 'Rio', 'co8xd', NULL),
('c40', 'Jimenez', 'Agata', 'Nairobi', 'jih3d', NULL),
('c50', 'Ramos', 'Daniel', 'Denver', 'rahx6', NULL),
('c60', 'Ramos', 'Agustin', 'Moscou', 'g4rad', NULL),
('c70', 'Dragić', 'Mirko', 'Helsinki', '9daxd', NULL),
('c80', 'Gaztambide', 'Mónica', 'Stockholm', 'ga1xd', NULL),
('c90', 'Marquina', 'Sergio', 'Professeur', 'max2d', NULL);

-- --------------------------------------------------------

--
-- Structure de la table `etat`
--

CREATE TABLE `etat` (
  `id` char(2) NOT NULL,
  `libelle` varchar(30) DEFAULT NULL
) ENGINE=InnoDB DEFAULT CHARSET=utf8mb4;

--
-- Déchargement des données de la table `etat`
--

INSERT INTO `etat` (`id`, `libelle`) VALUES
('CL', 'Saisie clôturée'),
('CR', 'Fiche créée, saisie en cours'),
('RB', 'Remboursée'),
('VA', 'Validée et mise en paiement');

-- --------------------------------------------------------

--
-- Structure de la table `fichefrais`
--

CREATE TABLE `fichefrais` (
  `idvisiteur` char(4) NOT NULL,
  `mois` char(6) NOT NULL,
  `nbjustificatifs` int(11) DEFAULT NULL,
  `montantvalide` decimal(10,2) DEFAULT NULL,
  `datemodif` date DEFAULT NULL,
  `idetat` char(2) DEFAULT 'CR'
) ENGINE=InnoDB DEFAULT CHARSET=utf8mb4;

--
-- Déchargement des données de la table `fichefrais`
--

INSERT INTO `fichefrais` (`idvisiteur`, `mois`, `nbjustificatifs`, `montantvalide`, `datemodif`, `idetat`) VALUES
('a131', '202101', 1, '4222.06', '2021-03-03', 'CL'),
('a131', '202102', 6, '3582.00', '2021-04-03', 'CL'),
('a131', '202103', 1, '1510.03', '2021-05-06', 'CL'),
('a131', '202104', 3, '3338.91', '2021-06-07', 'CL'),
('a131', '202105', 5, '3751.99', '2021-07-07', 'CL'),
('a131', '202106', 1, '2456.33', '2021-08-07', 'CL'),
('a131', '202107', 4, '4092.62', '2021-09-06', 'CL'),
('a131', '202108', 1, '1927.47', '2021-09-03', 'CL'),
('a131', '202109', 10, '0.00', '2021-09-01', 'CL'),
('a17', '202101', 9, '2910.81', '2021-03-01', 'CL'),
('a17', '202102', 7, '3483.10', '2021-04-05', 'CL'),
('a17', '202103', 4, '4319.88', '2021-05-08', 'CL'),
('a17', '202104', 5, '3856.48', '2021-06-05', 'CL'),
('a17', '202105', 7, '4100.90', '2021-07-06', 'CL'),
('a17', '202106', 6, '2021.72', '2021-08-06', 'CL'),
('a17', '202107', 11, '4494.72', '2021-09-04', 'CL'),
('a17', '202108', 3, '2907.85', '2021-09-01', 'CL'),
('a17', '202109', 7, '0.00', '2021-09-01', 'CL'),
('a17', '202110', 0, '0.00', '2021-11-04', 'CL'),
('a17', '202111', 0, '0.00', '2021-11-04', 'CR'),
('a55', '202101', 12, '3566.27', '2021-03-04', 'CL'),
('a55', '202102', 9, '4094.03', '2021-04-04', 'CL'),
('a55', '202103', 4, '3614.92', '2021-05-01', 'CL'),
('a55', '202104', 6, '3684.74', '2021-06-05', 'CL'),
('a55', '202105', 7, '2349.13', '2021-07-03', 'CL'),
('a55', '202106', 6, '2849.83', '2021-08-05', 'CL'),
('a55', '202107', 9, '4032.83', '2021-09-04', 'CL'),
('a55', '202108', 4, '2898.40', '2021-09-04', 'CL'),
('a55', '202109', 5, '0.00', '2021-09-04', 'CL'),
('a93', '202101', 5, '2725.55', '2021-03-04', 'CL'),
('a93', '202102', 2, '1711.95', '2021-04-05', 'CL'),
('a93', '202103', 2, '3249.78', '2021-05-06', 'CL'),
('a93', '202104', 8, '3826.63', '2021-06-06', 'CL'),
('a93', '202105', 11, '3507.42', '2021-07-07', 'CL'),
('a93', '202106', 8, '3045.31', '2021-08-06', 'CL'),
('a93', '202107', 11, '3516.08', '2021-09-04', 'CL'),
('a93', '202108', 1, '2996.59', '2021-09-06', 'CL'),
('a93', '202109', 6, '0.00', '2021-09-01', 'CL'),
('b13', '202101', 5, '2259.36', '2021-03-03', 'CL'),
('b13', '202102', 5, '4151.17', '2021-04-07', 'CL'),
('b13', '202103', 3, '2793.26', '2021-05-07', 'CL'),
('b13', '202104', 3, '5159.18', '2021-06-07', 'CL'),
('b13', '202105', 3, '3048.43', '2021-07-01', 'CL'),
('b13', '202106', 9, '1719.47', '2021-08-07', 'CL'),
('b13', '202107', 11, '4020.07', '2021-09-05', 'CL'),
('b13', '202108', 12, '2691.28', '2021-09-03', 'CL'),
('b13', '202109', 0, '0.00', '2021-09-04', 'CL'),
('b16', '202101', 6, '3672.95', '2021-03-04', 'CL'),
('b16', '202102', 11, '2104.73', '2021-04-02', 'CL'),
('b16', '202103', 10, '3711.91', '2021-05-08', 'CL'),
('b16', '202104', 6, '3740.77', '2021-06-08', 'CL'),
('b16', '202105', 6, '2373.77', '2021-07-02', 'CL'),
('b16', '202106', 6, '1596.14', '2021-08-05', 'CL'),
('b16', '202107', 1, '3931.77', '2021-09-05', 'CL'),
('b16', '202108', 1, '6647.60', '2021-09-01', 'CL'),
('b16', '202109', 9, '0.00', '2021-09-07', 'CL'),
('b19', '202101', 1, '1233.11', '2021-03-06', 'CL'),
('b19', '202102', 4, '2552.82', '2021-04-08', 'CL'),
('b19', '202103', 7, '3381.50', '2021-05-04', 'CL'),
('b19', '202104', 6, '3909.52', '2021-06-01', 'CL'),
('b19', '202105', 6, '3711.18', '2021-07-02', 'CL'),
('b19', '202106', 12, '3065.16', '2021-08-05', 'CL'),
('b19', '202107', 9, '2684.08', '2021-09-02', 'CL'),
('b19', '202108', 3, '3943.93', '2021-09-02', 'CL'),
('b19', '202109', 8, '0.00', '2021-09-07', 'CL'),
('b25', '202101', 0, '3014.87', '2021-03-01', 'CL'),
('b25', '202102', 10, '3992.74', '2021-04-07', 'CL'),
('b25', '202103', 4, '3098.10', '2021-05-06', 'CL'),
('b25', '202104', 0, '4005.36', '2021-06-02', 'CL'),
('b25', '202105', 3, '4476.56', '2021-07-01', 'CL'),
('b25', '202106', 3, '3908.21', '2021-08-01', 'CL'),
('b25', '202107', 1, '3352.10', '2021-09-06', 'CL'),
('b25', '202108', 7, '2376.52', '2021-09-01', 'CL'),
('b25', '202109', 4, '0.00', '2021-09-08', 'CL'),
('b28', '202101', 10, '1845.02', '2021-03-01', 'CL'),
('b28', '202102', 5, '1791.69', '2021-04-05', 'CL'),
('b28', '202103', 8, '4457.55', '2021-05-06', 'CL'),
('b28', '202104', 3, '4814.76', '2021-06-06', 'CL'),
('b28', '202105', 1, '1575.53', '2021-07-01', 'CL'),
('b28', '202106', 2, '1658.73', '2021-08-02', 'CL'),
('b28', '202107', 6, '2015.71', '2021-09-07', 'CL'),
('b28', '202108', 11, '4585.48', '2021-09-03', 'CL'),
('b28', '202109', 12, '0.00', '2021-09-07', 'CL'),
('b34', '202101', 1, '2299.68', '2021-03-05', 'CL'),
('b34', '202102', 8, '2749.71', '2021-04-03', 'CL'),
('b34', '202103', 5, '2361.44', '2021-05-08', 'CL'),
('b34', '202104', 2, '3539.17', '2021-06-08', 'CL'),
('b34', '202105', 2, '4294.46', '2021-07-04', 'CL'),
('b34', '202106', 0, '4030.70', '2021-08-06', 'CL'),
('b34', '202107', 0, '3884.40', '2021-09-07', 'CL'),
('b34', '202108', 9, '3086.80', '2021-09-03', 'CL'),
('b34', '202109', 9, '0.00', '2021-09-06', 'CL'),
('b4', '202101', 0, '1536.54', '2021-03-05', 'CL'),
('b4', '202102', 9, '3988.51', '2021-04-02', 'CL'),
('b4', '202103', 5, '5044.48', '2021-05-01', 'CL'),
('b4', '202104', 2, '2863.61', '2021-06-03', 'CL'),
('b4', '202105', 3, '4074.38', '2021-07-07', 'CL'),
('b4', '202106', 7, '4794.65', '2021-08-01', 'CL'),
('b4', '202107', 1, '3238.04', '2021-09-01', 'CL'),
('b4', '202108', 11, '3208.85', '2021-09-08', 'CL'),
('b4', '202109', 11, '0.00', '2021-09-03', 'CL'),
('b50', '202101', 7, '4432.89', '2021-03-04', 'CL'),
('b50', '202102', 8, '2067.51', '2021-04-01', 'CL'),
('b50', '202103', 9, '1903.83', '2021-05-06', 'CL'),
('b50', '202104', 7, '2103.35', '2021-06-08', 'CL'),
('b50', '202105', 12, '1657.48', '2021-07-05', 'CL'),
('b50', '202106', 0, '3525.61', '2021-08-04', 'CL'),
('b50', '202107', 7, '4438.66', '2021-09-03', 'CL'),
('b50', '202108', 10, '3001.68', '2021-09-05', 'CL'),
('b50', '202109', 6, '0.00', '2021-09-03', 'CL'),
('b59', '202101', 8, '2541.53', '2021-03-06', 'CL'),
('b59', '202102', 8, '3792.48', '2021-04-08', 'CL'),
('b59', '202103', 6, '4591.48', '2021-05-02', 'CL'),
('b59', '202104', 2, '3594.54', '2021-06-05', 'CL'),
('b59', '202105', 10, '2893.20', '2021-07-08', 'CL'),
('b59', '202106', 5, '3320.04', '2021-08-08', 'CL'),
('b59', '202107', 1, '4852.48', '2021-09-04', 'CL'),
('b59', '202108', 11, '2677.97', '2021-09-07', 'CL'),
('b59', '202109', 10, '0.00', '2021-09-01', 'CL'),
('c14', '202101', 4, '2784.14', '2021-03-02', 'CL'),
('c14', '202102', 1, '3813.64', '2021-04-04', 'CL'),
('c14', '202103', 12, '2216.22', '2021-05-06', 'CL'),
('c14', '202104', 10, '2435.93', '2021-06-02', 'CL'),
('c14', '202105', 7, '3605.00', '2021-07-06', 'CL'),
('c14', '202106', 10, '3996.12', '2021-08-08', 'CL'),
('c14', '202107', 5, '2175.21', '2021-09-02', 'CL'),
('c14', '202108', 4, '2924.34', '2021-09-04', 'CL'),
('c14', '202109', 9, '0.00', '2021-09-08', 'CL'),
('c3', '202101', 0, '3610.73', '2021-03-07', 'CL'),
('c3', '202102', 0, '4200.96', '2021-04-07', 'CL'),
('c3', '202103', 11, '5764.78', '2021-05-06', 'CL'),
('c3', '202104', 7, '4633.32', '2021-06-08', 'CL'),
('c3', '202105', 12, '3642.09', '2021-07-05', 'CL'),
('c3', '202106', 9, '4509.74', '2021-08-02', 'CL'),
('c3', '202107', 5, '3366.61', '2021-09-05', 'CL'),
('c3', '202108', 10, '2717.89', '2021-09-08', 'CL'),
('c3', '202109', 1, '0.00', '2021-09-02', 'CL'),
('c54', '202101', 7, '2573.27', '2021-03-05', 'CL'),
('c54', '202102', 8, '3179.01', '2021-04-08', 'CL'),
('c54', '202103', 3, '4116.12', '2021-05-03', 'CL'),
('c54', '202104', 4, '5111.90', '2021-06-08', 'CL'),
('c54', '202105', 1, '2757.02', '2021-07-03', 'CL'),
('c54', '202106', 12, '3024.15', '2021-08-04', 'CL'),
('c54', '202107', 6, '2513.71', '2021-09-08', 'CL'),
('c54', '202108', 10, '1485.19', '2021-09-04', 'CL'),
('c54', '202109', 11, '0.00', '2021-09-05', 'CL'),
('d13', '202101', 9, '4019.04', '2021-03-06', 'CL'),
('d13', '202102', 12, '2407.58', '2021-04-04', 'CL'),
('d13', '202103', 6, '2803.61', '2021-05-01', 'CL'),
('d13', '202104', 11, '2572.85', '2021-06-06', 'CL'),
('d13', '202105', 1, '3368.74', '2021-07-03', 'CL'),
('d13', '202106', 12, '4001.23', '2021-08-04', 'CL'),
('d13', '202107', 3, '3914.63', '2021-09-08', 'CL'),
('d13', '202108', 7, '3334.14', '2021-09-01', 'CL'),
('d13', '202109', 7, '0.00', '2021-09-08', 'CL'),
('d51', '202101', 12, '4825.30', '2021-03-05', 'CL'),
('d51', '202102', 0, '3281.41', '2021-04-04', 'CL'),
('d51', '202103', 2, '2282.38', '2021-05-08', 'CL'),
('d51', '202104', 1, '2500.17', '2021-06-03', 'CL'),
('d51', '202105', 8, '4146.16', '2021-07-02', 'CL'),
('d51', '202106', 0, '3857.85', '2021-08-04', 'CL'),
('d51', '202107', 2, '4728.00', '2021-09-03', 'CL'),
('d51', '202108', 9, '2045.37', '2021-09-08', 'CL'),
('d51', '202109', 1, '0.00', '2021-09-06', 'CL'),
('e22', '202101', 4, '3686.86', '2021-03-06', 'CL'),
('e22', '202102', 8, '3839.88', '2021-04-03', 'CL'),
('e22', '202103', 12, '4281.13', '2021-05-05', 'CL'),
('e22', '202104', 9, '2817.05', '2021-06-06', 'CL'),
('e22', '202105', 4, '2294.52', '2021-07-08', 'CL'),
('e22', '202106', 10, '3151.05', '2021-08-02', 'CL'),
('e22', '202107', 8, '3763.65', '2021-09-04', 'CL'),
('e22', '202108', 8, '2926.72', '2021-09-06', 'CL'),
('e22', '202109', 11, '0.00', '2021-09-08', 'CL'),
('e24', '202101', 9, '2406.90', '2021-03-06', 'CL'),
('e24', '202102', 5, '1960.63', '2021-04-02', 'CL'),
('e24', '202103', 5, '2531.03', '2021-05-02', 'CL'),
('e24', '202104', 10, '2027.66', '2021-06-02', 'CL'),
('e24', '202105', 11, '2463.90', '2021-07-08', 'CL'),
('e24', '202106', 0, '3237.34', '2021-08-07', 'CL'),
('e24', '202107', 5, '3480.42', '2021-09-06', 'CL'),
('e24', '202108', 1, '1793.75', '2021-09-03', 'CL'),
('e24', '202109', 5, '0.00', '2021-09-06', 'CL'),
('e39', '202101', 9, '1894.67', '2021-03-04', 'CL'),
('e39', '202102', 3, '3253.50', '2021-04-01', 'CL'),
('e39', '202103', 3, '1508.11', '2021-05-07', 'CL'),
('e39', '202104', 9, '4349.26', '2021-06-05', 'CL'),
('e39', '202105', 2, '3897.14', '2021-07-03', 'CL'),
('e39', '202106', 6, '3822.57', '2021-08-08', 'CL'),
('e39', '202107', 12, '3909.52', '2021-09-04', 'CL'),
('e39', '202108', 6, '3026.29', '2021-09-01', 'CL'),
('e39', '202109', 9, '0.00', '2021-09-06', 'CL'),
('e49', '202101', 0, '2009.63', '2021-03-03', 'CL'),
('e49', '202102', 8, '3686.53', '2021-04-07', 'CL'),
('e49', '202103', 6, '1738.35', '2021-05-07', 'CL'),
('e49', '202104', 5, '3966.06', '2021-06-08', 'CL'),
('e49', '202105', 5, '3093.30', '2021-07-05', 'CL'),
('e49', '202106', 1, '2999.16', '2021-08-06', 'CL'),
('e49', '202107', 10, '2993.17', '2021-09-08', 'CL'),
('e49', '202108', 2, '2338.98', '2021-09-01', 'CL'),
('e49', '202109', 9, '0.00', '2021-09-01', 'CL'),
('e5', '202101', 4, '3311.50', '2021-03-04', 'CL'),
('e5', '202102', 7, '3098.59', '2021-04-02', 'CL'),
('e5', '202103', 6, '3066.94', '2021-05-02', 'CL'),
('e5', '202104', 10, '2269.06', '2021-06-06', 'CL'),
('e5', '202105', 1, '2725.34', '2021-07-04', 'CL'),
('e5', '202106', 0, '4508.20', '2021-08-05', 'CL'),
('e5', '202107', 0, '1754.00', '2021-09-08', 'CL'),
('e5', '202108', 11, '2068.93', '2021-09-03', 'CL'),
('e5', '202109', 11, '0.00', '2021-09-02', 'CL'),
('e52', '202101', 11, '2783.72', '2021-03-06', 'CL'),
('e52', '202102', 6, '4015.17', '2021-04-06', 'CL'),
('e52', '202103', 12, '3341.74', '2021-05-05', 'CL'),
('e52', '202104', 4, '1345.72', '2021-06-07', 'CL'),
('e52', '202105', 4, '1956.07', '2021-07-02', 'CL'),
('e52', '202106', 11, '3655.40', '2021-08-06', 'CL'),
('e52', '202107', 2, '2239.79', '2021-09-02', 'CL'),
('e52', '202108', 12, '2735.55', '2021-09-06', 'CL'),
('e52', '202109', 0, '0.00', '2021-09-05', 'CL'),
('f21', '202101', 7, '2203.31', '2021-03-02', 'CL'),
('f21', '202102', 6, '2989.24', '2021-04-05', 'CL'),
('f21', '202103', 3, '2287.17', '2021-05-01', 'CL'),
('f21', '202104', 3, '3384.16', '2021-06-01', 'CL'),
('f21', '202105', 8, '2858.35', '2021-07-08', 'CL'),
('f21', '202106', 8, '1718.56', '2021-08-01', 'CL'),
('f21', '202107', 3, '3517.65', '2021-09-04', 'CL'),
('f21', '202108', 4, '3008.98', '2021-09-04', 'CL'),
('f21', '202109', 9, '0.00', '2021-09-02', 'CL'),
('f39', '202101', 11, '2980.38', '2021-03-02', 'CL'),
('f39', '202102', 3, '3920.36', '2021-04-06', 'CL'),
('f39', '202103', 4, '2507.47', '2021-05-01', 'CL'),
('f39', '202104', 9, '3009.74', '2021-06-03', 'CL'),
('f39', '202105', 12, '2243.07', '2021-07-08', 'CL'),
('f39', '202106', 10, '2626.07', '2021-08-03', 'CL'),
('f39', '202107', 3, '3484.77', '2021-09-03', 'CL'),
('f39', '202108', 8, '2799.46', '2021-09-05', 'CL'),
('f39', '202109', 5, '0.00', '2021-09-06', 'CL'),
('f4', '202101', 4, '4032.52', '2021-03-06', 'CL'),
('f4', '202102', 1, '3874.70', '2021-04-04', 'CL'),
('f4', '202103', 10, '2960.26', '2021-05-05', 'CL'),
('f4', '202104', 8, '3522.07', '2021-06-08', 'CL'),
('f4', '202105', 11, '4424.24', '2021-07-03', 'CL'),
('f4', '202106', 12, '4420.53', '2021-08-03', 'CL'),
('f4', '202107', 11, '2876.14', '2021-09-03', 'CL'),
('f4', '202108', 4, '2747.17', '2021-09-06', 'CL'),
('f4', '202109', 1, '0.00', '2021-09-06', 'CL');

-- --------------------------------------------------------

--
-- Structure de la table `fraisforfait`
--

CREATE TABLE `fraisforfait` (
  `id` char(3) NOT NULL,
  `libelle` char(20) DEFAULT NULL,
  `montant` decimal(5,2) DEFAULT NULL
) ENGINE=InnoDB DEFAULT CHARSET=utf8mb4;

--
-- Déchargement des données de la table `fraisforfait`
--

INSERT INTO `fraisforfait` (`id`, `libelle`, `montant`) VALUES
('ETP', 'Forfait Etape', '110.00'),
('KM', 'Frais Kilométrique', '0.62'),
('NUI', 'Nuitée Hôtel', '80.00'),
('REP', 'Repas Restaurant', '25.00');

-- --------------------------------------------------------

--
-- Structure de la table `lignefraisforfait`
--

CREATE TABLE `lignefraisforfait` (
  `idvisiteur` char(4) NOT NULL,
  `mois` char(6) NOT NULL,
  `idfraisforfait` char(3) NOT NULL,
  `quantite` int(11) DEFAULT NULL
) ENGINE=InnoDB DEFAULT CHARSET=utf8mb4;

--
-- Déchargement des données de la table `lignefraisforfait`
--

INSERT INTO `lignefraisforfait` (`idvisiteur`, `mois`, `idfraisforfait`, `quantite`) VALUES
('a131', '202101', 'ETP', 20),
('a131', '202101', 'KM', 931),
('a131', '202101', 'NUI', 4),
('a131', '202101', 'REP', 18),
('a131', '202102', 'ETP', 7),
('a131', '202102', 'KM', 843),
('a131', '202102', 'NUI', 10),
('a131', '202102', 'REP', 12),
('a131', '202103', 'ETP', 7),
('a131', '202103', 'KM', 467),
('a131', '202103', 'NUI', 5),
('a131', '202103', 'REP', 14),
('a131', '202104', 'ETP', 13),
('a131', '202104', 'KM', 895),
('a131', '202104', 'NUI', 8),
('a131', '202104', 'REP', 3),
('a131', '202105', 'ETP', 11),
('a131', '202105', 'KM', 633),
('a131', '202105', 'NUI', 16),
('a131', '202105', 'REP', 20),
('a131', '202106', 'ETP', 11),
('a131', '202106', 'KM', 823),
('a131', '202106', 'NUI', 8),
('a131', '202106', 'REP', 4),
('a131', '202107', 'ETP', 19),
('a131', '202107', 'KM', 428),
('a131', '202107', 'NUI', 4),
('a131', '202107', 'REP', 10),
('a131', '202108', 'ETP', 7),
('a131', '202108', 'KM', 684),
('a131', '202108', 'NUI', 2),
('a131', '202108', 'REP', 12),
('a131', '202109', 'ETP', 6),
('a131', '202109', 'KM', 903),
('a131', '202109', 'NUI', 12),
('a131', '202109', 'REP', 6),
('a17', '202101', 'ETP', 12),
('a17', '202101', 'KM', 795),
('a17', '202101', 'NUI', 9),
('a17', '202101', 'REP', 6),
('a17', '202102', 'ETP', 17),
('a17', '202102', 'KM', 509),
('a17', '202102', 'NUI', 11),
('a17', '202102', 'REP', 14),
('a17', '202103', 'ETP', 11),
('a17', '202103', 'KM', 990),
('a17', '202103', 'NUI', 10),
('a17', '202103', 'REP', 5),
('a17', '202104', 'ETP', 18),
('a17', '202104', 'KM', 921),
('a17', '202104', 'NUI', 17),
('a17', '202104', 'REP', 11),
('a17', '202105', 'ETP', 17),
('a17', '202105', 'KM', 814),
('a17', '202105', 'NUI', 12),
('a17', '202105', 'REP', 18),
('a17', '202106', 'ETP', 5),
('a17', '202106', 'KM', 429),
('a17', '202106', 'NUI', 2),
('a17', '202106', 'REP', 15),
('a17', '202107', 'ETP', 7),
('a17', '202107', 'KM', 650),
('a17', '202107', 'NUI', 18),
('a17', '202107', 'REP', 7),
('a17', '202108', 'ETP', 4),
('a17', '202108', 'KM', 969),
('a17', '202108', 'NUI', 13),
('a17', '202108', 'REP', 8),
('a17', '202109', 'ETP', 11),
('a17', '202109', 'KM', 885),
('a17', '202109', 'NUI', 9),
('a17', '202109', 'REP', 10),
('a17', '202110', 'ETP', 0),
('a17', '202110', 'KM', 0),
('a17', '202110', 'NUI', 0),
('a17', '202110', 'REP', 0),
('a17', '202111', 'ETP', 0),
('a17', '202111', 'KM', 0),
('a17', '202111', 'NUI', 0),
('a17', '202111', 'REP', 0),
('a55', '202101', 'ETP', 15),
('a55', '202101', 'KM', 695),
('a55', '202101', 'NUI', 2),
('a55', '202101', 'REP', 20),
('a55', '202102', 'ETP', 12),
('a55', '202102', 'KM', 425),
('a55', '202102', 'NUI', 10),
('a55', '202102', 'REP', 10),
('a55', '202103', 'ETP', 10),
('a55', '202103', 'KM', 362),
('a55', '202103', 'NUI', 19),
('a55', '202103', 'REP', 18),
('a55', '202104', 'ETP', 5),
('a55', '202104', 'KM', 737),
('a55', '202104', 'NUI', 12),
('a55', '202104', 'REP', 12),
('a55', '202105', 'ETP', 11),
('a55', '202105', 'KM', 519),
('a55', '202105', 'NUI', 4),
('a55', '202105', 'REP', 8),
('a55', '202106', 'ETP', 2),
('a55', '202106', 'KM', 513),
('a55', '202106', 'NUI', 13),
('a55', '202106', 'REP', 3),
('a55', '202107', 'ETP', 18),
('a55', '202107', 'KM', 614),
('a55', '202107', 'NUI', 12),
('a55', '202107', 'REP', 2),
('a55', '202108', 'ETP', 17),
('a55', '202108', 'KM', 554),
('a55', '202108', 'NUI', 3),
('a55', '202108', 'REP', 10),
('a55', '202109', 'ETP', 15),
('a55', '202109', 'KM', 969),
('a55', '202109', 'NUI', 19),
('a55', '202109', 'REP', 10),
('a93', '202101', 'ETP', 12),
('a93', '202101', 'KM', 311),
('a93', '202101', 'NUI', 11),
('a93', '202101', 'REP', 8),
('a93', '202102', 'ETP', 8),
('a93', '202102', 'KM', 872),
('a93', '202102', 'NUI', 5),
('a93', '202102', 'REP', 2),
('a93', '202103', 'ETP', 18),
('a93', '202103', 'KM', 999),
('a93', '202103', 'NUI', 6),
('a93', '202103', 'REP', 10),
('a93', '202104', 'ETP', 8),
('a93', '202104', 'KM', 609),
('a93', '202104', 'NUI', 19),
('a93', '202104', 'REP', 20),
('a93', '202105', 'ETP', 7),
('a93', '202105', 'KM', 350),
('a93', '202105', 'NUI', 18),
('a93', '202105', 'REP', 5),
('a93', '202106', 'ETP', 11),
('a93', '202106', 'KM', 414),
('a93', '202106', 'NUI', 6),
('a93', '202106', 'REP', 15),
('a93', '202107', 'ETP', 10),
('a93', '202107', 'KM', 733),
('a93', '202107', 'NUI', 13),
('a93', '202107', 'REP', 18),
('a93', '202108', 'ETP', 12),
('a93', '202108', 'KM', 531),
('a93', '202108', 'NUI', 7),
('a93', '202108', 'REP', 12),
('a93', '202109', 'ETP', 11),
('a93', '202109', 'KM', 770),
('a93', '202109', 'NUI', 11),
('a93', '202109', 'REP', 19),
('b13', '202101', 'ETP', 2),
('b13', '202101', 'KM', 758),
('b13', '202101', 'NUI', 14),
('b13', '202101', 'REP', 2),
('b13', '202102', 'ETP', 12),
('b13', '202102', 'KM', 997),
('b13', '202102', 'NUI', 13),
('b13', '202102', 'REP', 6),
('b13', '202103', 'ETP', 9),
('b13', '202103', 'KM', 818),
('b13', '202103', 'NUI', 8),
('b13', '202103', 'REP', 18),
('b13', '202104', 'ETP', 19),
('b13', '202104', 'KM', 951),
('b13', '202104', 'NUI', 19),
('b13', '202104', 'REP', 11),
('b13', '202105', 'ETP', 13),
('b13', '202105', 'KM', 724),
('b13', '202105', 'NUI', 5),
('b13', '202105', 'REP', 16),
('b13', '202106', 'ETP', 9),
('b13', '202106', 'KM', 690),
('b13', '202106', 'NUI', 2),
('b13', '202106', 'REP', 11),
('b13', '202107', 'ETP', 18),
('b13', '202107', 'KM', 620),
('b13', '202107', 'NUI', 15),
('b13', '202107', 'REP', 12),
('b13', '202108', 'ETP', 5),
('b13', '202108', 'KM', 805),
('b13', '202108', 'NUI', 4),
('b13', '202108', 'REP', 14),
('b13', '202109', 'ETP', 12),
('b13', '202109', 'KM', 785),
('b13', '202109', 'NUI', 16),
('b13', '202109', 'REP', 17),
('b16', '202101', 'ETP', 16),
('b16', '202101', 'KM', 557),
('b16', '202101', 'NUI', 15),
('b16', '202101', 'REP', 16),
('b16', '202102', 'ETP', 8),
('b16', '202102', 'KM', 414),
('b16', '202102', 'NUI', 4),
('b16', '202102', 'REP', 18),
('b16', '202103', 'ETP', 5),
('b16', '202103', 'KM', 314),
('b16', '202103', 'NUI', 20),
('b16', '202103', 'REP', 6),
('b16', '202104', 'ETP', 18),
('b16', '202104', 'KM', 588),
('b16', '202104', 'NUI', 4),
('b16', '202104', 'REP', 17),
('b16', '202105', 'ETP', 10),
('b16', '202105', 'KM', 410),
('b16', '202105', 'NUI', 2),
('b16', '202105', 'REP', 10),
('b16', '202106', 'ETP', 3),
('b16', '202106', 'KM', 517),
('b16', '202106', 'NUI', 3),
('b16', '202106', 'REP', 2),
('b16', '202107', 'ETP', 17),
('b16', '202107', 'KM', 835),
('b16', '202107', 'NUI', 8),
('b16', '202107', 'REP', 19),
('b16', '202108', 'ETP', 18),
('b16', '202108', 'KM', 885),
('b16', '202108', 'NUI', 15),
('b16', '202108', 'REP', 18),
('b16', '202109', 'ETP', 4),
('b16', '202109', 'KM', 799),
('b16', '202109', 'NUI', 8),
('b16', '202109', 'REP', 10),
('b19', '202101', 'ETP', 3),
('b19', '202101', 'KM', 364),
('b19', '202101', 'NUI', 2),
('b19', '202101', 'REP', 15),
('b19', '202102', 'ETP', 2),
('b19', '202102', 'KM', 936),
('b19', '202102', 'NUI', 7),
('b19', '202102', 'REP', 14),
('b19', '202103', 'ETP', 9),
('b19', '202103', 'KM', 769),
('b19', '202103', 'NUI', 20),
('b19', '202103', 'REP', 10),
('b19', '202104', 'ETP', 14),
('b19', '202104', 'KM', 763),
('b19', '202104', 'NUI', 9),
('b19', '202104', 'REP', 16),
('b19', '202105', 'ETP', 18),
('b19', '202105', 'KM', 836),
('b19', '202105', 'NUI', 13),
('b19', '202105', 'REP', 12),
('b19', '202106', 'ETP', 15),
('b19', '202106', 'KM', 650),
('b19', '202106', 'NUI', 4),
('b19', '202106', 'REP', 18),
('b19', '202107', 'ETP', 16),
('b19', '202107', 'KM', 904),
('b19', '202107', 'NUI', 2),
('b19', '202107', 'REP', 16),
('b19', '202108', 'ETP', 14),
('b19', '202108', 'KM', 897),
('b19', '202108', 'NUI', 12),
('b19', '202108', 'REP', 7),
('b19', '202109', 'ETP', 17),
('b19', '202109', 'KM', 566),
('b19', '202109', 'NUI', 19),
('b19', '202109', 'REP', 3),
('b25', '202101', 'ETP', 8),
('b25', '202101', 'KM', 636),
('b25', '202101', 'NUI', 15),
('b25', '202101', 'REP', 9),
('b25', '202102', 'ETP', 14),
('b25', '202102', 'KM', 528),
('b25', '202102', 'NUI', 19),
('b25', '202102', 'REP', 4),
('b25', '202103', 'ETP', 17),
('b25', '202103', 'KM', 601),
('b25', '202103', 'NUI', 10),
('b25', '202103', 'REP', 6),
('b25', '202104', 'ETP', 17),
('b25', '202104', 'KM', 877),
('b25', '202104', 'NUI', 10),
('b25', '202104', 'REP', 10),
('b25', '202105', 'ETP', 10),
('b25', '202105', 'KM', 819),
('b25', '202105', 'NUI', 7),
('b25', '202105', 'REP', 9),
('b25', '202106', 'ETP', 13),
('b25', '202106', 'KM', 933),
('b25', '202106', 'NUI', 16),
('b25', '202106', 'REP', 17),
('b25', '202107', 'ETP', 8),
('b25', '202107', 'KM', 880),
('b25', '202107', 'NUI', 15),
('b25', '202107', 'REP', 8),
('b25', '202108', 'ETP', 5),
('b25', '202108', 'KM', 980),
('b25', '202108', 'NUI', 13),
('b25', '202108', 'REP', 2),
('b25', '202109', 'ETP', 17),
('b25', '202109', 'KM', 791),
('b25', '202109', 'NUI', 4),
('b25', '202109', 'REP', 2),
('b28', '202101', 'ETP', 4),
('b28', '202101', 'KM', 734),
('b28', '202101', 'NUI', 7),
('b28', '202101', 'REP', 11),
('b28', '202102', 'ETP', 4),
('b28', '202102', 'KM', 458),
('b28', '202102', 'NUI', 8),
('b28', '202102', 'REP', 13),
('b28', '202103', 'ETP', 13),
('b28', '202103', 'KM', 346),
('b28', '202103', 'NUI', 17),
('b28', '202103', 'REP', 2),
('b28', '202104', 'ETP', 15),
('b28', '202104', 'KM', 788),
('b28', '202104', 'NUI', 18),
('b28', '202104', 'REP', 15),
('b28', '202105', 'ETP', 2),
('b28', '202105', 'KM', 526),
('b28', '202105', 'NUI', 2),
('b28', '202105', 'REP', 8),
('b28', '202106', 'ETP', 8),
('b28', '202106', 'KM', 527),
('b28', '202106', 'NUI', 5),
('b28', '202106', 'REP', 3),
('b28', '202107', 'ETP', 3),
('b28', '202107', 'KM', 872),
('b28', '202107', 'NUI', 10),
('b28', '202107', 'REP', 20),
('b28', '202108', 'ETP', 9),
('b28', '202108', 'KM', 561),
('b28', '202108', 'NUI', 19),
('b28', '202108', 'REP', 14),
('b28', '202109', 'ETP', 4),
('b28', '202109', 'KM', 725),
('b28', '202109', 'NUI', 17),
('b28', '202109', 'REP', 4),
('b34', '202101', 'ETP', 6),
('b34', '202101', 'KM', 990),
('b34', '202101', 'NUI', 6),
('b34', '202101', 'REP', 16),
('b34', '202102', 'ETP', 6),
('b34', '202102', 'KM', 411),
('b34', '202102', 'NUI', 20),
('b34', '202102', 'REP', 6),
('b34', '202103', 'ETP', 4),
('b34', '202103', 'KM', 383),
('b34', '202103', 'NUI', 7),
('b34', '202103', 'REP', 7),
('b34', '202104', 'ETP', 13),
('b34', '202104', 'KM', 688),
('b34', '202104', 'NUI', 11),
('b34', '202104', 'REP', 13),
('b34', '202105', 'ETP', 19),
('b34', '202105', 'KM', 705),
('b34', '202105', 'NUI', 14),
('b34', '202105', 'REP', 19),
('b34', '202106', 'ETP', 19),
('b34', '202106', 'KM', 560),
('b34', '202106', 'NUI', 2),
('b34', '202106', 'REP', 9),
('b34', '202107', 'ETP', 16),
('b34', '202107', 'KM', 674),
('b34', '202107', 'NUI', 18),
('b34', '202107', 'REP', 12),
('b34', '202108', 'ETP', 13),
('b34', '202108', 'KM', 519),
('b34', '202108', 'NUI', 13),
('b34', '202108', 'REP', 11),
('b34', '202109', 'ETP', 2),
('b34', '202109', 'KM', 596),
('b34', '202109', 'NUI', 18),
('b34', '202109', 'REP', 16),
('b4', '202101', 'ETP', 3),
('b4', '202101', 'KM', 531),
('b4', '202101', 'NUI', 7),
('b4', '202101', 'REP', 20),
('b4', '202102', 'ETP', 20),
('b4', '202102', 'KM', 657),
('b4', '202102', 'NUI', 17),
('b4', '202102', 'REP', 8),
('b4', '202103', 'ETP', 20),
('b4', '202103', 'KM', 314),
('b4', '202103', 'NUI', 7),
('b4', '202103', 'REP', 20),
('b4', '202104', 'ETP', 12),
('b4', '202104', 'KM', 517),
('b4', '202104', 'NUI', 3),
('b4', '202104', 'REP', 18),
('b4', '202105', 'ETP', 15),
('b4', '202105', 'KM', 958),
('b4', '202105', 'NUI', 18),
('b4', '202105', 'REP', 12),
('b4', '202106', 'ETP', 20),
('b4', '202106', 'KM', 559),
('b4', '202106', 'NUI', 14),
('b4', '202106', 'REP', 9),
('b4', '202107', 'ETP', 5),
('b4', '202107', 'KM', 306),
('b4', '202107', 'NUI', 18),
('b4', '202107', 'REP', 16),
('b4', '202108', 'ETP', 11),
('b4', '202108', 'KM', 307),
('b4', '202108', 'NUI', 3),
('b4', '202108', 'REP', 7),
('b4', '202109', 'ETP', 11),
('b4', '202109', 'KM', 591),
('b4', '202109', 'NUI', 4),
('b4', '202109', 'REP', 9),
('b50', '202101', 'ETP', 20),
('b50', '202101', 'KM', 928),
('b50', '202101', 'NUI', 14),
('b50', '202101', 'REP', 9),
('b50', '202102', 'ETP', 6),
('b50', '202102', 'KM', 536),
('b50', '202102', 'NUI', 10),
('b50', '202102', 'REP', 6),
('b50', '202103', 'ETP', 6),
('b50', '202103', 'KM', 883),
('b50', '202103', 'NUI', 10),
('b50', '202103', 'REP', 3),
('b50', '202104', 'ETP', 9),
('b50', '202104', 'KM', 963),
('b50', '202104', 'NUI', 7),
('b50', '202104', 'REP', 8),
('b50', '202105', 'ETP', 8),
('b50', '202105', 'KM', 329),
('b50', '202105', 'NUI', 6),
('b50', '202105', 'REP', 2),
('b50', '202106', 'ETP', 15),
('b50', '202106', 'KM', 769),
('b50', '202106', 'NUI', 18),
('b50', '202106', 'REP', 19),
('b50', '202107', 'ETP', 14),
('b50', '202107', 'KM', 773),
('b50', '202107', 'NUI', 15),
('b50', '202107', 'REP', 11),
('b50', '202108', 'ETP', 11),
('b50', '202108', 'KM', 743),
('b50', '202108', 'NUI', 3),
('b50', '202108', 'REP', 16),
('b50', '202109', 'ETP', 12),
('b50', '202109', 'KM', 850),
('b50', '202109', 'NUI', 13),
('b50', '202109', 'REP', 4),
('b59', '202101', 'ETP', 16),
('b59', '202101', 'KM', 470),
('b59', '202101', 'NUI', 2),
('b59', '202101', 'REP', 4),
('b59', '202102', 'ETP', 19),
('b59', '202102', 'KM', 388),
('b59', '202102', 'NUI', 2),
('b59', '202102', 'REP', 19),
('b59', '202103', 'ETP', 17),
('b59', '202103', 'KM', 684),
('b59', '202103', 'NUI', 19),
('b59', '202103', 'REP', 9),
('b59', '202104', 'ETP', 17),
('b59', '202104', 'KM', 935),
('b59', '202104', 'NUI', 8),
('b59', '202104', 'REP', 16),
('b59', '202105', 'ETP', 16),
('b59', '202105', 'KM', 610),
('b59', '202105', 'NUI', 3),
('b59', '202105', 'REP', 14),
('b59', '202106', 'ETP', 20),
('b59', '202106', 'KM', 620),
('b59', '202106', 'NUI', 7),
('b59', '202106', 'REP', 14),
('b59', '202107', 'ETP', 16),
('b59', '202107', 'KM', 406),
('b59', '202107', 'NUI', 15),
('b59', '202107', 'REP', 15),
('b59', '202108', 'ETP', 4),
('b59', '202108', 'KM', 866),
('b59', '202108', 'NUI', 5),
('b59', '202108', 'REP', 15),
('b59', '202109', 'ETP', 6),
('b59', '202109', 'KM', 630),
('b59', '202109', 'NUI', 5),
('b59', '202109', 'REP', 9),
('c14', '202101', 'ETP', 15),
('c14', '202101', 'KM', 558),
('c14', '202101', 'NUI', 4),
('c14', '202101', 'REP', 12),
('c14', '202102', 'ETP', 18),
('c14', '202102', 'KM', 963),
('c14', '202102', 'NUI', 9),
('c14', '202102', 'REP', 10),
('c14', '202103', 'ETP', 4),
('c14', '202103', 'KM', 388),
('c14', '202103', 'NUI', 15),
('c14', '202103', 'REP', 11),
('c14', '202104', 'ETP', 5),
('c14', '202104', 'KM', 836),
('c14', '202104', 'NUI', 12),
('c14', '202104', 'REP', 3),
('c14', '202105', 'ETP', 10),
('c14', '202105', 'KM', 500),
('c14', '202105', 'NUI', 8),
('c14', '202105', 'REP', 16),
('c14', '202106', 'ETP', 6),
('c14', '202106', 'KM', 907),
('c14', '202106', 'NUI', 4),
('c14', '202106', 'REP', 12),
('c14', '202107', 'ETP', 2),
('c14', '202107', 'KM', 437),
('c14', '202107', 'NUI', 15),
('c14', '202107', 'REP', 18),
('c14', '202108', 'ETP', 7),
('c14', '202108', 'KM', 819),
('c14', '202108', 'NUI', 17),
('c14', '202108', 'REP', 16),
('c14', '202109', 'ETP', 19),
('c14', '202109', 'KM', 554),
('c14', '202109', 'NUI', 9),
('c14', '202109', 'REP', 17),
('c3', '202101', 'ETP', 14),
('c3', '202101', 'KM', 994),
('c3', '202101', 'NUI', 10),
('c3', '202101', 'REP', 5),
('c3', '202102', 'ETP', 17),
('c3', '202102', 'KM', 423),
('c3', '202102', 'NUI', 14),
('c3', '202102', 'REP', 18),
('c3', '202103', 'ETP', 20),
('c3', '202103', 'KM', 579),
('c3', '202103', 'NUI', 18),
('c3', '202103', 'REP', 7),
('c3', '202104', 'ETP', 18),
('c3', '202104', 'KM', 474),
('c3', '202104', 'NUI', 5),
('c3', '202104', 'REP', 15),
('c3', '202105', 'ETP', 15),
('c3', '202105', 'KM', 324),
('c3', '202105', 'NUI', 15),
('c3', '202105', 'REP', 10),
('c3', '202106', 'ETP', 15),
('c3', '202106', 'KM', 527),
('c3', '202106', 'NUI', 19),
('c3', '202106', 'REP', 13),
('c3', '202107', 'ETP', 13),
('c3', '202107', 'KM', 973),
('c3', '202107', 'NUI', 19),
('c3', '202107', 'REP', 11),
('c3', '202108', 'ETP', 2),
('c3', '202108', 'KM', 678),
('c3', '202108', 'NUI', 4),
('c3', '202108', 'REP', 6),
('c3', '202109', 'ETP', 15),
('c3', '202109', 'KM', 920),
('c3', '202109', 'NUI', 2),
('c3', '202109', 'REP', 9),
('c54', '202101', 'ETP', 10),
('c54', '202101', 'KM', 791),
('c54', '202101', 'NUI', 8),
('c54', '202101', 'REP', 16),
('c54', '202102', 'ETP', 16),
('c54', '202102', 'KM', 998),
('c54', '202102', 'NUI', 8),
('c54', '202102', 'REP', 5),
('c54', '202103', 'ETP', 11),
('c54', '202103', 'KM', 876),
('c54', '202103', 'NUI', 15),
('c54', '202103', 'REP', 14),
('c54', '202104', 'ETP', 20),
('c54', '202104', 'KM', 817),
('c54', '202104', 'NUI', 17),
('c54', '202104', 'REP', 8),
('c54', '202105', 'ETP', 3),
('c54', '202105', 'KM', 548),
('c54', '202105', 'NUI', 9),
('c54', '202105', 'REP', 11),
('c54', '202106', 'ETP', 9),
('c54', '202106', 'KM', 802),
('c54', '202106', 'NUI', 10),
('c54', '202106', 'REP', 9),
('c54', '202107', 'ETP', 14),
('c54', '202107', 'KM', 457),
('c54', '202107', 'NUI', 6),
('c54', '202107', 'REP', 6),
('c54', '202108', 'ETP', 7),
('c54', '202108', 'KM', 576),
('c54', '202108', 'NUI', 5),
('c54', '202108', 'REP', 6),
('c54', '202109', 'ETP', 2),
('c54', '202109', 'KM', 931),
('c54', '202109', 'NUI', 8),
('c54', '202109', 'REP', 19),
('d13', '202101', 'ETP', 20),
('d13', '202101', 'KM', 840),
('d13', '202101', 'NUI', 8),
('d13', '202101', 'REP', 7),
('d13', '202102', 'ETP', 13),
('d13', '202102', 'KM', 435),
('d13', '202102', 'NUI', 8),
('d13', '202102', 'REP', 20),
('d13', '202103', 'ETP', 11),
('d13', '202103', 'KM', 626),
('d13', '202103', 'NUI', 15),
('d13', '202103', 'REP', 12),
('d13', '202104', 'ETP', 6),
('d13', '202104', 'KM', 378),
('d13', '202104', 'NUI', 9),
('d13', '202104', 'REP', 7),
('d13', '202105', 'ETP', 5),
('d13', '202105', 'KM', 905),
('d13', '202105', 'NUI', 12),
('d13', '202105', 'REP', 19),
('d13', '202106', 'ETP', 17),
('d13', '202106', 'KM', 858),
('d13', '202106', 'NUI', 3),
('d13', '202106', 'REP', 2),
('d13', '202107', 'ETP', 14),
('d13', '202107', 'KM', 945),
('d13', '202107', 'NUI', 18),
('d13', '202107', 'REP', 10),
('d13', '202108', 'ETP', 14),
('d13', '202108', 'KM', 963),
('d13', '202108', 'NUI', 2),
('d13', '202108', 'REP', 7),
('d13', '202109', 'ETP', 15),
('d13', '202109', 'KM', 419),
('d13', '202109', 'NUI', 7),
('d13', '202109', 'REP', 18),
('d51', '202101', 'ETP', 19),
('d51', '202101', 'KM', 765),
('d51', '202101', 'NUI', 15),
('d51', '202101', 'REP', 16),
('d51', '202102', 'ETP', 14),
('d51', '202102', 'KM', 597),
('d51', '202102', 'NUI', 6),
('d51', '202102', 'REP', 16),
('d51', '202103', 'ETP', 4),
('d51', '202103', 'KM', 813),
('d51', '202103', 'NUI', 11),
('d51', '202103', 'REP', 10),
('d51', '202104', 'ETP', 9),
('d51', '202104', 'KM', 498),
('d51', '202104', 'NUI', 8),
('d51', '202104', 'REP', 16),
('d51', '202105', 'ETP', 8),
('d51', '202105', 'KM', 931),
('d51', '202105', 'NUI', 17),
('d51', '202105', 'REP', 12),
('d51', '202106', 'ETP', 16),
('d51', '202106', 'KM', 314),
('d51', '202106', 'NUI', 12),
('d51', '202106', 'REP', 14),
('d51', '202107', 'ETP', 15),
('d51', '202107', 'KM', 428),
('d51', '202107', 'NUI', 14),
('d51', '202107', 'REP', 13),
('d51', '202108', 'ETP', 5),
('d51', '202108', 'KM', 757),
('d51', '202108', 'NUI', 8),
('d51', '202108', 'REP', 4),
('d51', '202109', 'ETP', 18),
('d51', '202109', 'KM', 553),
('d51', '202109', 'NUI', 8),
('d51', '202109', 'REP', 9),
('e22', '202101', 'ETP', 10),
('e22', '202101', 'KM', 795),
('e22', '202101', 'NUI', 12),
('e22', '202101', 'REP', 9),
('e22', '202102', 'ETP', 17),
('e22', '202102', 'KM', 519),
('e22', '202102', 'NUI', 16),
('e22', '202102', 'REP', 3),
('e22', '202103', 'ETP', 10),
('e22', '202103', 'KM', 616),
('e22', '202103', 'NUI', 20),
('e22', '202103', 'REP', 4),
('e22', '202104', 'ETP', 8),
('e22', '202104', 'KM', 303),
('e22', '202104', 'NUI', 12),
('e22', '202104', 'REP', 13),
('e22', '202105', 'ETP', 6),
('e22', '202105', 'KM', 976),
('e22', '202105', 'NUI', 10),
('e22', '202105', 'REP', 8),
('e22', '202106', 'ETP', 8),
('e22', '202106', 'KM', 774),
('e22', '202106', 'NUI', 2),
('e22', '202106', 'REP', 19),
('e22', '202107', 'ETP', 15),
('e22', '202107', 'KM', 957),
('e22', '202107', 'NUI', 20),
('e22', '202107', 'REP', 10),
('e22', '202108', 'ETP', 8),
('e22', '202108', 'KM', 398),
('e22', '202108', 'NUI', 19),
('e22', '202108', 'REP', 16),
('e22', '202109', 'ETP', 9),
('e22', '202109', 'KM', 325),
('e22', '202109', 'NUI', 16),
('e22', '202109', 'REP', 9),
('e24', '202101', 'ETP', 12),
('e24', '202101', 'KM', 487),
('e24', '202101', 'NUI', 5),
('e24', '202101', 'REP', 4),
('e24', '202102', 'ETP', 5),
('e24', '202102', 'KM', 467),
('e24', '202102', 'NUI', 5),
('e24', '202102', 'REP', 16),
('e24', '202103', 'ETP', 5),
('e24', '202103', 'KM', 930),
('e24', '202103', 'NUI', 2),
('e24', '202103', 'REP', 20),
('e24', '202104', 'ETP', 5),
('e24', '202104', 'KM', 518),
('e24', '202104', 'NUI', 12),
('e24', '202104', 'REP', 17),
('e24', '202105', 'ETP', 14),
('e24', '202105', 'KM', 588),
('e24', '202105', 'NUI', 2),
('e24', '202105', 'REP', 10),
('e24', '202106', 'ETP', 12),
('e24', '202106', 'KM', 684),
('e24', '202106', 'NUI', 4),
('e24', '202106', 'REP', 5),
('e24', '202107', 'ETP', 16),
('e24', '202107', 'KM', 991),
('e24', '202107', 'NUI', 19),
('e24', '202107', 'REP', 4),
('e24', '202108', 'ETP', 2),
('e24', '202108', 'KM', 791),
('e24', '202108', 'NUI', 16),
('e24', '202108', 'REP', 5),
('e24', '202109', 'ETP', 17),
('e24', '202109', 'KM', 526),
('e24', '202109', 'NUI', 18),
('e24', '202109', 'REP', 17),
('e39', '202101', 'ETP', 5),
('e39', '202101', 'KM', 657),
('e39', '202101', 'NUI', 13),
('e39', '202101', 'REP', 11),
('e39', '202102', 'ETP', 11),
('e39', '202102', 'KM', 578),
('e39', '202102', 'NUI', 10),
('e39', '202102', 'REP', 18),
('e39', '202103', 'ETP', 8),
('e39', '202103', 'KM', 401),
('e39', '202103', 'NUI', 3),
('e39', '202103', 'REP', 8),
('e39', '202104', 'ETP', 14),
('e39', '202104', 'KM', 654),
('e39', '202104', 'NUI', 19),
('e39', '202104', 'REP', 3),
('e39', '202105', 'ETP', 13),
('e39', '202105', 'KM', 775),
('e39', '202105', 'NUI', 11),
('e39', '202105', 'REP', 13),
('e39', '202106', 'ETP', 19),
('e39', '202106', 'KM', 871),
('e39', '202106', 'NUI', 15),
('e39', '202106', 'REP', 5),
('e39', '202107', 'ETP', 15),
('e39', '202107', 'KM', 969),
('e39', '202107', 'NUI', 14),
('e39', '202107', 'REP', 20),
('e39', '202108', 'ETP', 11),
('e39', '202108', 'KM', 680),
('e39', '202108', 'NUI', 13),
('e39', '202108', 'REP', 4),
('e39', '202109', 'ETP', 13),
('e39', '202109', 'KM', 948),
('e39', '202109', 'NUI', 19),
('e39', '202109', 'REP', 11),
('e49', '202101', 'ETP', 4),
('e49', '202101', 'KM', 319),
('e49', '202101', 'NUI', 13),
('e49', '202101', 'REP', 3),
('e49', '202102', 'ETP', 15),
('e49', '202102', 'KM', 930),
('e49', '202102', 'NUI', 14),
('e49', '202102', 'REP', 12),
('e49', '202103', 'ETP', 8),
('e49', '202103', 'KM', 670),
('e49', '202103', 'NUI', 3),
('e49', '202103', 'REP', 12),
('e49', '202104', 'ETP', 20),
('e49', '202104', 'KM', 985),
('e49', '202104', 'NUI', 8),
('e49', '202104', 'REP', 4),
('e49', '202105', 'ETP', 17),
('e49', '202105', 'KM', 615),
('e49', '202105', 'NUI', 3),
('e49', '202105', 'REP', 4),
('e49', '202106', 'ETP', 6),
('e49', '202106', 'KM', 897),
('e49', '202106', 'NUI', 12),
('e49', '202106', 'REP', 11),
('e49', '202107', 'ETP', 13),
('e49', '202107', 'KM', 660),
('e49', '202107', 'NUI', 14),
('e49', '202107', 'REP', 2),
('e49', '202108', 'ETP', 10),
('e49', '202108', 'KM', 412),
('e49', '202108', 'NUI', 3),
('e49', '202108', 'REP', 19),
('e49', '202109', 'ETP', 20),
('e49', '202109', 'KM', 791),
('e49', '202109', 'NUI', 10),
('e49', '202109', 'REP', 8),
('e5', '202101', 'ETP', 12),
('e5', '202101', 'KM', 999),
('e5', '202101', 'NUI', 14),
('e5', '202101', 'REP', 13),
('e5', '202102', 'ETP', 3),
('e5', '202102', 'KM', 502),
('e5', '202102', 'NUI', 17),
('e5', '202102', 'REP', 15),
('e5', '202103', 'ETP', 15),
('e5', '202103', 'KM', 618),
('e5', '202103', 'NUI', 4),
('e5', '202103', 'REP', 8),
('e5', '202104', 'ETP', 17),
('e5', '202104', 'KM', 326),
('e5', '202104', 'NUI', 3),
('e5', '202104', 'REP', 3),
('e5', '202105', 'ETP', 12),
('e5', '202105', 'KM', 474),
('e5', '202105', 'NUI', 10),
('e5', '202105', 'REP', 7),
('e5', '202106', 'ETP', 18),
('e5', '202106', 'KM', 881),
('e5', '202106', 'NUI', 7),
('e5', '202106', 'REP', 2),
('e5', '202107', 'ETP', 3),
('e5', '202107', 'KM', 605),
('e5', '202107', 'NUI', 4),
('e5', '202107', 'REP', 4),
('e5', '202108', 'ETP', 8),
('e5', '202108', 'KM', 516),
('e5', '202108', 'NUI', 2),
('e5', '202108', 'REP', 16),
('e5', '202109', 'ETP', 2),
('e5', '202109', 'KM', 317),
('e5', '202109', 'NUI', 12),
('e5', '202109', 'REP', 10),
('e52', '202101', 'ETP', 7),
('e52', '202101', 'KM', 370),
('e52', '202101', 'NUI', 6),
('e52', '202101', 'REP', 18),
('e52', '202102', 'ETP', 20),
('e52', '202102', 'KM', 597),
('e52', '202102', 'NUI', 18),
('e52', '202102', 'REP', 3),
('e52', '202103', 'ETP', 5),
('e52', '202103', 'KM', 942),
('e52', '202103', 'NUI', 18),
('e52', '202103', 'REP', 13),
('e52', '202104', 'ETP', 6),
('e52', '202104', 'KM', 339),
('e52', '202104', 'NUI', 3),
('e52', '202104', 'REP', 5),
('e52', '202105', 'ETP', 6),
('e52', '202105', 'KM', 528),
('e52', '202105', 'NUI', 2),
('e52', '202105', 'REP', 8),
('e52', '202106', 'ETP', 15),
('e52', '202106', 'KM', 640),
('e52', '202106', 'NUI', 14),
('e52', '202106', 'REP', 20),
('e52', '202107', 'ETP', 2),
('e52', '202107', 'KM', 731),
('e52', '202107', 'NUI', 16),
('e52', '202107', 'REP', 9),
('e52', '202108', 'ETP', 15),
('e52', '202108', 'KM', 575),
('e52', '202108', 'NUI', 5),
('e52', '202108', 'REP', 11),
('e52', '202109', 'ETP', 17),
('e52', '202109', 'KM', 693),
('e52', '202109', 'NUI', 17),
('e52', '202109', 'REP', 2),
('f21', '202101', 'ETP', 12),
('f21', '202101', 'KM', 448),
('f21', '202101', 'NUI', 3),
('f21', '202101', 'REP', 11),
('f21', '202102', 'ETP', 6),
('f21', '202102', 'KM', 835),
('f21', '202102', 'NUI', 15),
('f21', '202102', 'REP', 8),
('f21', '202103', 'ETP', 2),
('f21', '202103', 'KM', 308),
('f21', '202103', 'NUI', 14),
('f21', '202103', 'REP', 13),
('f21', '202104', 'ETP', 11),
('f21', '202104', 'KM', 653),
('f21', '202104', 'NUI', 6),
('f21', '202104', 'REP', 7),
('f21', '202105', 'ETP', 7),
('f21', '202105', 'KM', 837),
('f21', '202105', 'NUI', 11),
('f21', '202105', 'REP', 15),
('f21', '202106', 'ETP', 5),
('f21', '202106', 'KM', 338),
('f21', '202106', 'NUI', 4),
('f21', '202106', 'REP', 10),
('f21', '202107', 'ETP', 15),
('f21', '202107', 'KM', 591),
('f21', '202107', 'NUI', 12),
('f21', '202107', 'REP', 19),
('f21', '202108', 'ETP', 5),
('f21', '202108', 'KM', 894),
('f21', '202108', 'NUI', 18),
('f21', '202108', 'REP', 2),
('f21', '202109', 'ETP', 10),
('f21', '202109', 'KM', 766),
('f21', '202109', 'NUI', 16),
('f21', '202109', 'REP', 18),
('f39', '202101', 'ETP', 4),
('f39', '202101', 'KM', 460),
('f39', '202101', 'NUI', 20),
('f39', '202101', 'REP', 18),
('f39', '202102', 'ETP', 6),
('f39', '202102', 'KM', 573),
('f39', '202102', 'NUI', 20),
('f39', '202102', 'REP', 15),
('f39', '202103', 'ETP', 7),
('f39', '202103', 'KM', 320),
('f39', '202103', 'NUI', 13),
('f39', '202103', 'REP', 16),
('f39', '202104', 'ETP', 6),
('f39', '202104', 'KM', 718),
('f39', '202104', 'NUI', 8),
('f39', '202104', 'REP', 14),
('f39', '202105', 'ETP', 3),
('f39', '202105', 'KM', 382),
('f39', '202105', 'NUI', 13),
('f39', '202105', 'REP', 11),
('f39', '202106', 'ETP', 12),
('f39', '202106', 'KM', 846),
('f39', '202106', 'NUI', 6),
('f39', '202106', 'REP', 13),
('f39', '202107', 'ETP', 11),
('f39', '202107', 'KM', 867),
('f39', '202107', 'NUI', 14),
('f39', '202107', 'REP', 10),
('f39', '202108', 'ETP', 16),
('f39', '202108', 'KM', 383),
('f39', '202108', 'NUI', 7),
('f39', '202108', 'REP', 3),
('f39', '202109', 'ETP', 6),
('f39', '202109', 'KM', 814),
('f39', '202109', 'NUI', 7),
('f39', '202109', 'REP', 3),
('f4', '202101', 'ETP', 18),
('f4', '202101', 'KM', 302),
('f4', '202101', 'NUI', 12),
('f4', '202101', 'REP', 3),
('f4', '202102', 'ETP', 8),
('f4', '202102', 'KM', 331),
('f4', '202102', 'NUI', 18),
('f4', '202102', 'REP', 17),
('f4', '202103', 'ETP', 18),
('f4', '202103', 'KM', 326),
('f4', '202103', 'NUI', 5),
('f4', '202103', 'REP', 3),
('f4', '202104', 'ETP', 9),
('f4', '202104', 'KM', 649),
('f4', '202104', 'NUI', 17),
('f4', '202104', 'REP', 14),
('f4', '202105', 'ETP', 12),
('f4', '202105', 'KM', 302),
('f4', '202105', 'NUI', 9),
('f4', '202105', 'REP', 6),
('f4', '202106', 'ETP', 16),
('f4', '202106', 'KM', 685),
('f4', '202106', 'NUI', 20),
('f4', '202106', 'REP', 16),
('f4', '202107', 'ETP', 13),
('f4', '202107', 'KM', 429),
('f4', '202107', 'NUI', 8),
('f4', '202107', 'REP', 20),
('f4', '202108', 'ETP', 12),
('f4', '202108', 'KM', 908),
('f4', '202108', 'NUI', 7),
('f4', '202108', 'REP', 13),
('f4', '202109', 'ETP', 7),
('f4', '202109', 'KM', 844),
('f4', '202109', 'NUI', 15),
('f4', '202109', 'REP', 11);

-- --------------------------------------------------------

--
-- Structure de la table `lignefraishorsforfait`
--

CREATE TABLE `lignefraishorsforfait` (
  `id` int(11) NOT NULL,
  `idvisiteur` char(4) NOT NULL,
  `mois` char(6) NOT NULL,
  `libelle` varchar(100) DEFAULT NULL,
  `date` date DEFAULT NULL,
  `montant` decimal(10,2) DEFAULT NULL
) ENGINE=InnoDB DEFAULT CHARSET=utf8mb4;

--
-- Déchargement des données de la table `lignefraishorsforfait`
--

INSERT INTO `lignefraishorsforfait` (`id`, `idvisiteur`, `mois`, `libelle`, `date`, `montant`) VALUES
(197366, 'a131', '202101', 'location équipement vidéo/sonore', '2021-01-17', '636.00'),
(197367, 'a131', '202101', 'Voyage SNCF', '2021-01-12', '125.00'),
(197368, 'a131', '202102', 'rémunération intervenant/spécialiste', '2021-02-04', '1009.00'),
(197369, 'a131', '202102', 'location salle conférence', '2021-02-17', '480.00'),
(197370, 'a131', '202102', 'location salle conférence', '2021-02-19', '372.00'),
(197371, 'a131', '202102', 'taxi', '2021-02-17', '62.00'),
(197372, 'a131', '202103', 'Voyage SNCF', '2021-03-20', '78.00'),
(197373, 'a131', '202104', 'location salle conférence', '2021-04-10', '422.00'),
(197374, 'a131', '202104', 'location équipement vidéo/sonore', '2021-04-05', '588.00'),
(197375, 'a131', '202105', 'achat de matériel de papèterie', '2021-05-17', '27.00'),
(197376, 'a131', '202105', 'location équipement vidéo/sonore', '2021-05-14', '452.00'),
(197377, 'a131', '202105', 'taxi', '2021-05-09', '25.00'),
(197378, 'a131', '202105', 'taxi', '2021-05-21', '63.00'),
(197379, 'a131', '202106', 'taxi', '2021-06-25', '40.00'),
(197380, 'a131', '202106', 'achat d\'espace publicitaire', '2021-06-18', '130.00'),
(197381, 'a131', '202106', 'location véhicule', '2021-06-03', '33.00'),
(197382, 'a131', '202106', 'location véhicule', '2021-06-20', '66.00'),
(197383, 'a131', '202107', 'location équipement vidéo/sonore', '2021-07-10', '801.00'),
(197384, 'a131', '202107', 'achat de matériel de papèterie', '2021-07-27', '33.00'),
(197385, 'a131', '202107', 'Voyage SNCF', '2021-07-26', '149.00'),
(197386, 'a131', '202107', 'location véhicule', '2021-07-14', '318.00'),
(197387, 'a131', '202107', 'achat de matériel de papèterie', '2021-07-23', '13.00'),
(197388, 'a131', '202107', 'traiteur, alimentation, boisson', '2021-07-11', '308.00'),
(197389, 'a131', '202108', 'taxi', '2021-08-27', '42.00'),
(197390, 'a131', '202108', 'achat de matériel de papèterie', '2021-08-18', '25.00'),
(197391, 'a131', '202108', 'traiteur, alimentation, boisson', '2021-08-02', '37.00'),
(197392, 'a131', '202108', 'location véhicule', '2021-08-04', '229.00'),
(197393, 'a131', '202108', 'Voyage SNCF', '2021-08-09', '108.00'),
(197394, 'a131', '202109', 'rémunération intervenant/spécialiste', '2021-09-16', '1002.00'),
(197395, 'a17', '202101', 'traiteur, alimentation, boisson', '2021-01-19', '261.00'),
(197396, 'a17', '202101', 'taxi', '2021-01-23', '80.00'),
(197397, 'a17', '202101', 'Voyage SNCF', '2021-01-28', '58.00'),
(197398, 'a17', '202101', 'repas avec praticien', '2021-01-13', '48.00'),
(197399, 'a17', '202102', 'location salle conférence', '2021-02-14', '225.00'),
(197400, 'a17', '202102', 'taxi', '2021-02-03', '37.00'),
(197401, 'a17', '202102', 'achat d\'espace publicitaire', '2021-02-23', '57.00'),
(197402, 'a17', '202102', 'Voyage SNCF', '2021-02-10', '93.00'),
(197403, 'a17', '202103', 'achat d\'espace publicitaire', '2021-03-11', '77.00'),
(197404, 'a17', '202103', 'location équipement vidéo/sonore', '2021-03-14', '532.00'),
(197405, 'a17', '202103', 'taxi', '2021-03-23', '25.00'),
(197406, 'a17', '202103', 'traiteur, alimentation, boisson', '2021-03-19', '161.00'),
(197407, 'a17', '202103', 'location équipement vidéo/sonore', '2021-03-22', '705.00'),
(197408, 'a17', '202103', 'rémunération intervenant/spécialiste', '2021-03-22', '605.00'),
(197409, 'a17', '202104', 'frais vestimentaire/représentation', '2021-04-15', '62.00'),
(197410, 'a17', '202104', 'location équipement vidéo/sonore', '2021-04-22', '455.00'),
(197411, 'a17', '202105', 'Voyage SNCF', '2021-05-16', '55.00'),
(197412, 'a17', '202105', 'rémunération intervenant/spécialiste', '2021-05-24', '483.00'),
(197413, 'a17', '202105', 'traiteur, alimentation, boisson', '2021-05-17', '312.00'),
(197414, 'a17', '202105', 'taxi', '2021-05-09', '79.00'),
(197415, 'a17', '202106', 'location salle conférence', '2021-06-03', '576.00'),
(197416, 'a17', '202106', 'Voyage SNCF', '2021-06-28', '136.00'),
(197417, 'a17', '202107', 'taxi', '2021-07-08', '70.00'),
(197418, 'a17', '202107', 'frais vestimentaire/représentation', '2021-07-18', '221.00'),
(197419, 'a17', '202107', 'repas avec praticien', '2021-07-18', '47.00'),
(197420, 'a17', '202107', 'frais vestimentaire/représentation', '2021-07-14', '241.00'),
(197421, 'a17', '202107', 'rémunération intervenant/spécialiste', '2021-07-19', '972.00'),
(197422, 'a17', '202107', 'frais vestimentaire/représentation', '2021-07-16', '343.00'),
(197423, 'a17', '202108', 'location véhicule', '2021-08-04', '360.00'),
(197424, 'a17', '202108', 'REFUSE frais vestimentaire/représentation', '2021-08-25', '357.00'),
(197425, 'a17', '202109', 'location équipement vidéo/sonore', '2021-09-02', '669.00'),
(197426, 'a17', '202109', 'REFUSE REFUSE ', '2021-09-12', '401.00'),
(197427, 'a55', '202101', 'location salle conférence', '2021-01-24', '594.00'),
(197428, 'a55', '202101', 'frais vestimentaire/représentation', '2021-01-21', '123.00'),
(197429, 'a55', '202101', 'location équipement vidéo/sonore', '2021-01-20', '336.00'),
(197430, 'a55', '202102', 'location véhicule', '2021-02-09', '356.00'),
(197431, 'a55', '202102', 'location salle conférence', '2021-02-17', '601.00'),
(197432, 'a55', '202102', 'rémunération intervenant/spécialiste', '2021-02-12', '600.00'),
(197433, 'a55', '202102', 'location équipement vidéo/sonore', '2021-02-26', '119.00'),
(197434, 'a55', '202103', 'achat d\'espace publicitaire', '2021-03-18', '108.00'),
(197435, 'a55', '202103', 'rémunération intervenant/spécialiste', '2021-03-09', '363.00'),
(197436, 'a55', '202103', 'frais vestimentaire/représentation', '2021-03-23', '386.00'),
(197437, 'a55', '202103', 'Voyage SNCF', '2021-03-09', '119.00'),
(197438, 'a55', '202103', 'frais vestimentaire/représentation', '2021-03-28', '138.00'),
(197439, 'a55', '202104', 'location équipement vidéo/sonore', '2021-04-24', '836.00'),
(197440, 'a55', '202104', 'location équipement vidéo/sonore', '2021-04-01', '101.00'),
(197441, 'a55', '202104', 'repas avec praticien', '2021-04-09', '46.00'),
(197442, 'a55', '202104', 'location salle conférence', '2021-04-25', '459.00'),
(197443, 'a55', '202104', 'taxi', '2021-04-03', '27.00'),
(197444, 'a55', '202104', 'achat de matériel de papèterie', '2021-04-19', '24.00'),
(197445, 'a55', '202105', 'repas avec praticien', '2021-05-04', '49.00'),
(197446, 'a55', '202105', 'frais vestimentaire/représentation', '2021-05-11', '321.00'),
(197447, 'a55', '202106', 'rémunération intervenant/spécialiste', '2021-06-25', '449.00'),
(197448, 'a55', '202106', 'repas avec praticien', '2021-06-24', '48.00'),
(197449, 'a55', '202106', 'frais vestimentaire/représentation', '2021-06-02', '58.00'),
(197450, 'a55', '202106', 'rémunération intervenant/spécialiste', '2021-06-19', '277.00'),
(197451, 'a55', '202106', 'location véhicule', '2021-06-10', '449.00'),
(197452, 'a55', '202106', 'location véhicule', '2021-06-19', '268.00'),
(197453, 'a55', '202107', 'traiteur, alimentation, boisson', '2021-07-08', '188.00'),
(197454, 'a55', '202107', 'achat d\'espace publicitaire', '2021-07-09', '55.00'),
(197455, 'a55', '202107', 'achat de matériel de papèterie', '2021-07-22', '26.00'),
(197456, 'a55', '202107', 'location équipement vidéo/sonore', '2021-07-01', '792.00'),
(197457, 'a55', '202108', 'rémunération intervenant/spécialiste', '2021-08-22', '454.00'),
(197458, 'a55', '202108', 'location salle conférence', '2021-08-08', '293.00'),
(197459, 'a55', '202109', 'frais vestimentaire/représentation', '2021-09-24', '218.00'),
(197460, 'a55', '202109', 'traiteur, alimentation, boisson', '2021-09-14', '429.00'),
(197461, 'a55', '202109', 'taxi', '2021-09-14', '76.00'),
(197462, 'a55', '202109', 'achat de matériel de papèterie', '2021-09-12', '33.00'),
(197463, 'a55', '202109', 'taxi', '2021-09-02', '22.00'),
(197464, 'a93', '202101', 'achat de matériel de papèterie', '2021-01-23', '29.00'),
(197465, 'a93', '202101', 'Voyage SNCF', '2021-01-05', '128.00'),
(197466, 'a93', '202101', 'taxi', '2021-01-15', '32.00'),
(197467, 'a93', '202101', 'location véhicule', '2021-01-27', '272.00'),
(197468, 'a93', '202101', 'achat de matériel de papèterie', '2021-01-11', '45.00'),
(197469, 'a93', '202101', 'achat d\'espace publicitaire', '2021-01-17', '34.00'),
(197470, 'a93', '202102', 'achat de matériel de papèterie', '2021-02-08', '48.00'),
(197471, 'a93', '202102', 'repas avec praticien', '2021-02-05', '32.00'),
(197472, 'a93', '202102', 'achat d\'espace publicitaire', '2021-02-27', '40.00'),
(197473, 'a93', '202103', 'location équipement vidéo/sonore', '2021-03-08', '201.00'),
(197474, 'a93', '202103', 'repas avec praticien', '2021-03-01', '39.00'),
(197475, 'a93', '202103', 'achat d\'espace publicitaire', '2021-03-04', '69.00'),
(197476, 'a93', '202103', 'taxi', '2021-03-07', '71.00'),
(197477, 'a93', '202103', 'traiteur, alimentation, boisson', '2021-03-25', '26.00'),
(197478, 'a93', '202104', 'Voyage SNCF', '2021-04-07', '112.00'),
(197479, 'a93', '202104', 'achat de matériel de papèterie', '2021-04-03', '28.00'),
(197480, 'a93', '202104', 'location équipement vidéo/sonore', '2021-04-21', '740.00'),
(197481, 'a93', '202104', 'achat d\'espace publicitaire', '2021-04-02', '142.00'),
(197482, 'a93', '202105', 'achat de matériel de papèterie', '2021-05-14', '30.00'),
(197483, 'a93', '202105', 'Voyage SNCF', '2021-05-28', '118.00'),
(197484, 'a93', '202105', 'location salle conférence', '2021-05-19', '411.00'),
(197485, 'a93', '202105', 'location équipement vidéo/sonore', '2021-05-25', '250.00'),
(197486, 'a93', '202105', 'traiteur, alimentation, boisson', '2021-05-06', '218.00'),
(197487, 'a93', '202106', 'taxi', '2021-06-12', '29.00'),
(197488, 'a93', '202106', 'location véhicule', '2021-06-20', '57.00'),
(197489, 'a93', '202106', 'location équipement vidéo/sonore', '2021-06-04', '721.00'),
(197490, 'a93', '202106', 'location salle conférence', '2021-06-20', '255.00'),
(197491, 'a93', '202107', 'location salle conférence', '2021-07-07', '598.00'),
(197492, 'a93', '202107', 'frais vestimentaire/représentation', '2021-07-04', '446.00'),
(197493, 'a93', '202108', 'taxi', '2021-08-13', '80.00'),
(197494, 'a93', '202108', 'repas avec praticien', '2021-08-11', '37.00'),
(197495, 'a93', '202108', 'location véhicule', '2021-08-24', '61.00'),
(197496, 'a93', '202108', 'repas avec praticien', '2021-08-04', '40.00'),
(197497, 'a93', '202108', 'achat d\'espace publicitaire', '2021-08-09', '96.00'),
(197498, 'a93', '202108', 'location équipement vidéo/sonore', '2021-08-10', '582.00'),
(197499, 'a93', '202109', 'frais vestimentaire/représentation', '2021-09-28', '50.00'),
(197500, 'a93', '202109', 'achat d\'espace publicitaire', '2021-09-05', '114.00'),
(197501, 'a93', '202109', 'achat d\'espace publicitaire', '2021-09-01', '91.00'),
(197502, 'a93', '202109', 'traiteur, alimentation, boisson', '2021-09-02', '272.00'),
(197503, 'a93', '202109', 'traiteur, alimentation, boisson', '2021-09-08', '345.00'),
(197504, 'b13', '202101', 'location salle conférence', '2021-01-09', '382.00'),
(197505, 'b13', '202101', 'location véhicule', '2021-01-22', '341.00'),
(197506, 'b13', '202101', 'achat de matériel de papèterie', '2021-01-19', '14.00'),
(197507, 'b13', '202102', 'location salle conférence', '2021-02-16', '224.00'),
(197508, 'b13', '202102', 'frais vestimentaire/représentation', '2021-02-02', '124.00'),
(197509, 'b13', '202102', 'rémunération intervenant/spécialiste', '2021-02-01', '940.00'),
(197510, 'b13', '202103', 'location véhicule', '2021-03-17', '305.00'),
(197511, 'b13', '202103', 'location véhicule', '2021-03-09', '282.00'),
(197512, 'b13', '202104', 'Voyage SNCF', '2021-04-12', '82.00'),
(197513, 'b13', '202104', 'location véhicule', '2021-04-04', '146.00'),
(197514, 'b13', '202104', 'location véhicule', '2021-04-10', '121.00'),
(197515, 'b13', '202104', 'rémunération intervenant/spécialiste', '2021-04-22', '978.00'),
(197516, 'b13', '202104', 'location véhicule', '2021-04-14', '212.00'),
(197517, 'b13', '202104', 'Voyage SNCF', '2021-04-21', '56.00'),
(197518, 'b13', '202105', 'rémunération intervenant/spécialiste', '2021-05-07', '274.00'),
(197519, 'b13', '202105', 'frais vestimentaire/représentation', '2021-05-10', '276.00'),
(197520, 'b13', '202105', 'repas avec praticien', '2021-05-04', '49.00'),
(197521, 'b13', '202106', 'achat de matériel de papèterie', '2021-06-19', '46.00'),
(197522, 'b13', '202106', 'location véhicule', '2021-06-11', '36.00'),
(197523, 'b13', '202106', 'traiteur, alimentation, boisson', '2021-06-28', '188.00'),
(197524, 'b13', '202107', 'achat de matériel de papèterie', '2021-07-03', '27.00'),
(197525, 'b13', '202107', 'frais vestimentaire/représentation', '2021-07-10', '133.00'),
(197526, 'b13', '202107', 'achat d\'espace publicitaire', '2021-07-25', '120.00'),
(197527, 'b13', '202108', 'rémunération intervenant/spécialiste', '2021-08-28', '932.00'),
(197528, 'b13', '202108', 'rémunération intervenant/spécialiste', '2021-08-18', '629.00'),
(197529, 'b13', '202108', 'Voyage SNCF', '2021-08-18', '84.00'),
(197530, 'b13', '202109', 'repas avec praticien', '2021-09-18', '40.00'),
(197531, 'b13', '202109', 'achat de matériel de papèterie', '2021-09-04', '34.00'),
(197532, 'b13', '202109', 'taxi', '2021-09-11', '73.00'),
(197533, 'b13', '202109', 'achat de matériel de papèterie', '2021-09-18', '25.00'),
(197534, 'b13', '202109', 'location équipement vidéo/sonore', '2021-09-11', '495.00'),
(197535, 'b13', '202109', 'traiteur, alimentation, boisson', '2021-09-09', '329.00'),
(197536, 'b16', '202101', 'location véhicule', '2021-01-17', '248.00'),
(197537, 'b16', '202101', 'repas avec praticien', '2021-01-18', '39.00'),
(197538, 'b16', '202102', 'repas avec praticien', '2021-02-03', '40.00'),
(197539, 'b16', '202102', 'Voyage SNCF', '2021-02-09', '86.00'),
(197540, 'b16', '202102', 'traiteur, alimentation, boisson', '2021-02-14', '82.00'),
(197541, 'b16', '202102', 'repas avec praticien', '2021-02-28', '33.00'),
(197542, 'b16', '202103', 'achat de matériel de papèterie', '2021-03-12', '10.00'),
(197543, 'b16', '202103', 'location véhicule', '2021-03-22', '310.00'),
(197544, 'b16', '202103', 'rémunération intervenant/spécialiste', '2021-03-03', '1179.00'),
(197545, 'b16', '202103', 'achat d\'espace publicitaire', '2021-03-12', '41.00'),
(197546, 'b16', '202104', 'traiteur, alimentation, boisson', '2021-04-16', '195.00'),
(197547, 'b16', '202104', 'Voyage SNCF', '2021-04-02', '41.00'),
(197548, 'b16', '202104', 'achat de matériel de papèterie', '2021-04-08', '44.00'),
(197549, 'b16', '202104', 'location équipement vidéo/sonore', '2021-04-24', '375.00'),
(197550, 'b16', '202104', 'achat de matériel de papèterie', '2021-04-15', '34.00'),
(197551, 'b16', '202105', 'rémunération intervenant/spécialiste', '2021-05-01', '950.00'),
(197552, 'b16', '202105', 'location véhicule', '2021-05-09', '46.00'),
(197553, 'b16', '202106', 'location équipement vidéo/sonore', '2021-06-13', '749.00'),
(197554, 'b16', '202106', 'location véhicule', '2021-06-20', '198.00'),
(197555, 'b16', '202106', 'achat de matériel de papèterie', '2021-06-04', '18.00'),
(197556, 'b16', '202106', 'achat d\'espace publicitaire', '2021-06-27', '65.00'),
(197557, 'b16', '202107', 'achat d\'espace publicitaire', '2021-07-26', '61.00'),
(197558, 'b16', '202107', 'location équipement vidéo/sonore', '2021-07-21', '486.00'),
(197559, 'b16', '202107', 'frais vestimentaire/représentation', '2021-07-15', '64.00'),
(197560, 'b16', '202107', 'achat d\'espace publicitaire', '2021-07-28', '25.00'),
(197561, 'b16', '202108', 'rémunération intervenant/spécialiste', '2021-08-21', '439.00'),
(197562, 'b16', '202108', 'frais vestimentaire/représentation', '2021-08-21', '390.00'),
(197563, 'b16', '202108', 'location équipement vidéo/sonore', '2021-08-17', '804.00'),
(197564, 'b16', '202108', 'rémunération intervenant/spécialiste', '2021-08-05', '716.00'),
(197565, 'b16', '202108', 'rémunération intervenant/spécialiste', '2021-08-20', '1123.00'),
(197566, 'b16', '202108', 'location véhicule', '2021-08-20', '170.00'),
(197567, 'b16', '202109', 'frais vestimentaire/représentation', '2021-09-01', '71.00'),
(197568, 'b16', '202109', 'repas avec praticien', '2021-09-14', '45.00'),
(197569, 'b16', '202109', 'achat de matériel de papèterie', '2021-09-08', '15.00'),
(197570, 'b16', '202109', 'taxi', '2021-09-25', '52.00'),
(197571, 'b16', '202109', 'frais vestimentaire/représentation', '2021-09-26', '87.00'),
(197572, 'b19', '202101', 'achat d\'espace publicitaire', '2021-01-02', '50.00'),
(197573, 'b19', '202101', 'Voyage SNCF', '2021-01-20', '75.00'),
(197574, 'b19', '202101', 'achat de matériel de papèterie', '2021-01-01', '22.00'),
(197575, 'b19', '202101', 'location salle conférence', '2021-01-25', '248.00'),
(197576, 'b19', '202102', 'location équipement vidéo/sonore', '2021-02-15', '459.00'),
(197577, 'b19', '202102', 'location salle conférence', '2021-02-18', '633.00'),
(197578, 'b19', '202102', 'location équipement vidéo/sonore', '2021-02-11', '201.00'),
(197579, 'b19', '202103', 'taxi', '2021-03-14', '75.00'),
(197580, 'b19', '202103', 'taxi', '2021-03-13', '29.00'),
(197581, 'b19', '202103', 'location salle conférence', '2021-03-08', '587.00'),
(197582, 'b19', '202103', 'traiteur, alimentation, boisson', '2021-03-26', '116.00'),
(197583, 'b19', '202104', 'achat d\'espace publicitaire', '2021-04-25', '84.00'),
(197584, 'b19', '202104', 'location véhicule', '2021-04-24', '46.00'),
(197585, 'b19', '202104', 'repas avec praticien', '2021-04-23', '49.00'),
(197586, 'b19', '202104', 'frais vestimentaire/représentation', '2021-04-20', '421.00'),
(197587, 'b19', '202104', 'rémunération intervenant/spécialiste', '2021-04-06', '426.00'),
(197588, 'b19', '202105', 'rémunération intervenant/spécialiste', '2021-05-23', '308.00'),
(197589, 'b19', '202105', 'traiteur, alimentation, boisson', '2021-05-09', '81.00'),
(197590, 'b19', '202105', 'taxi', '2021-05-22', '44.00'),
(197591, 'b19', '202105', 'repas avec praticien', '2021-05-25', '44.00'),
(197592, 'b19', '202106', 'location équipement vidéo/sonore', '2021-06-21', '492.00'),
(197593, 'b19', '202106', 'repas avec praticien', '2021-06-19', '40.00'),
(197594, 'b19', '202106', 'Voyage SNCF', '2021-06-11', '89.00'),
(197595, 'b19', '202107', 'taxi', '2021-07-12', '37.00'),
(197596, 'b19', '202108', 'frais vestimentaire/représentation', '2021-08-22', '449.00'),
(197597, 'b19', '202108', 'location salle conférence', '2021-08-27', '608.00'),
(197598, 'b19', '202108', 'taxi', '2021-08-14', '59.00'),
(197599, 'b19', '202108', 'repas avec praticien', '2021-08-21', '35.00'),
(197600, 'b19', '202109', 'repas avec praticien', '2021-09-22', '33.00'),
(197601, 'b19', '202109', 'location salle conférence', '2021-09-04', '140.00'),
(197602, 'b25', '202101', 'Voyage SNCF', '2021-01-19', '150.00'),
(197603, 'b25', '202101', 'location véhicule', '2021-01-21', '196.00'),
(197604, 'b25', '202102', 'rémunération intervenant/spécialiste', '2021-02-25', '689.00'),
(197605, 'b25', '202102', 'rémunération intervenant/spécialiste', '2021-02-17', '413.00'),
(197606, 'b25', '202103', 'Voyage SNCF', '2021-03-15', '117.00'),
(197607, 'b25', '202103', 'traiteur, alimentation, boisson', '2021-03-18', '100.00'),
(197608, 'b25', '202103', 'frais vestimentaire/représentation', '2021-03-20', '307.00'),
(197609, 'b25', '202103', 'repas avec praticien', '2021-03-24', '48.00'),
(197610, 'b25', '202103', 'taxi', '2021-03-16', '50.00'),
(197611, 'b25', '202103', 'taxi', '2021-03-27', '58.00'),
(197612, 'b25', '202104', 'achat d\'espace publicitaire', '2021-04-22', '77.00'),
(197613, 'b25', '202104', 'rémunération intervenant/spécialiste', '2021-04-15', '268.00'),
(197614, 'b25', '202104', 'traiteur, alimentation, boisson', '2021-04-15', '120.00'),
(197615, 'b25', '202104', 'achat d\'espace publicitaire', '2021-04-08', '100.00'),
(197616, 'b25', '202104', 'repas avec praticien', '2021-04-18', '41.00'),
(197617, 'b25', '202104', 'location équipement vidéo/sonore', '2021-04-05', '756.00'),
(197618, 'b25', '202105', 'achat d\'espace publicitaire', '2021-05-13', '127.00'),
(197619, 'b25', '202105', 'location équipement vidéo/sonore', '2021-05-14', '537.00'),
(197620, 'b25', '202105', 'location véhicule', '2021-05-11', '411.00'),
(197621, 'b25', '202105', 'rémunération intervenant/spécialiste', '2021-05-09', '894.00'),
(197622, 'b25', '202105', 'achat d\'espace publicitaire', '2021-05-14', '35.00'),
(197623, 'b25', '202105', 'Voyage SNCF', '2021-05-03', '125.00'),
(197624, 'b25', '202106', 'location salle conférence', '2021-06-01', '629.00'),
(197625, 'b25', '202107', 'Voyage SNCF', '2021-07-05', '105.00'),
(197626, 'b25', '202107', 'rémunération intervenant/spécialiste', '2021-07-18', '1002.00'),
(197627, 'b25', '202107', 'taxi', '2021-07-06', '58.00'),
(197628, 'b25', '202108', 'Voyage SNCF', '2021-08-08', '67.00'),
(197629, 'b25', '202108', 'location équipement vidéo/sonore', '2021-08-14', '187.00'),
(197630, 'b25', '202109', 'achat de matériel de papèterie', '2021-09-02', '33.00'),
(197631, 'b25', '202109', 'Voyage SNCF', '2021-09-15', '136.00'),
(197632, 'b25', '202109', 'Voyage SNCF', '2021-09-21', '131.00'),
(197633, 'b25', '202109', 'rémunération intervenant/spécialiste', '2021-09-15', '1064.00'),
(197634, 'b28', '202101', 'traiteur, alimentation, boisson', '2021-01-13', '172.00'),
(197635, 'b28', '202102', 'frais vestimentaire/représentation', '2021-02-27', '221.00'),
(197636, 'b28', '202102', 'frais vestimentaire/représentation', '2021-02-27', '196.00'),
(197637, 'b28', '202102', 'taxi', '2021-02-14', '27.00'),
(197638, 'b28', '202103', 'location salle conférence', '2021-03-07', '497.00'),
(197639, 'b28', '202103', 'frais vestimentaire/représentation', '2021-03-13', '311.00'),
(197640, 'b28', '202103', 'traiteur, alimentation, boisson', '2021-03-04', '65.00'),
(197641, 'b28', '202103', 'location salle conférence', '2021-03-16', '621.00'),
(197642, 'b28', '202104', 'rémunération intervenant/spécialiste', '2021-04-24', '852.00'),
(197643, 'b28', '202104', 'frais vestimentaire/représentation', '2021-04-12', '339.00'),
(197644, 'b28', '202104', 'achat d\'espace publicitaire', '2021-04-13', '66.00'),
(197645, 'b28', '202104', 'achat de matériel de papèterie', '2021-04-27', '19.00'),
(197646, 'b28', '202104', 'location véhicule', '2021-04-24', '48.00'),
(197647, 'b28', '202104', 'frais vestimentaire/représentation', '2021-04-22', '321.00'),
(197648, 'b28', '202105', 'rémunération intervenant/spécialiste', '2021-05-27', '707.00'),
(197649, 'b28', '202105', 'achat d\'espace publicitaire', '2021-05-24', '81.00'),
(197650, 'b28', '202106', 'location salle conférence', '2021-06-13', '154.00'),
(197651, 'b28', '202106', 'traiteur, alimentation, boisson', '2021-06-17', '28.00'),
(197652, 'b28', '202107', 'location véhicule', '2021-07-13', '245.00'),
(197653, 'b28', '202107', 'Voyage SNCF', '2021-07-15', '69.00'),
(197654, 'b28', '202107', 'taxi', '2021-07-04', '35.00'),
(197655, 'b28', '202108', 'location véhicule', '2021-08-09', '293.00'),
(197656, 'b28', '202108', 'rémunération intervenant/spécialiste', '2021-08-11', '1010.00'),
(197657, 'b28', '202108', 'Voyage SNCF', '2021-08-19', '38.00'),
(197658, 'b28', '202108', 'taxi', '2021-08-25', '39.00'),
(197659, 'b28', '202108', 'Voyage SNCF', '2021-08-27', '123.00'),
(197660, 'b28', '202108', 'achat d\'espace publicitaire', '2021-08-10', '116.00'),
(197661, 'b28', '202109', 'frais vestimentaire/représentation', '2021-09-06', '364.00'),
(197662, 'b28', '202109', 'taxi', '2021-09-11', '56.00'),
(197663, 'b28', '202109', 'traiteur, alimentation, boisson', '2021-09-11', '95.00'),
(197664, 'b34', '202101', 'location salle conférence', '2021-01-15', '217.00'),
(197665, 'b34', '202102', 'taxi', '2021-02-10', '60.00'),
(197666, 'b34', '202102', 'frais vestimentaire/représentation', '2021-02-08', '185.00'),
(197667, 'b34', '202102', 'traiteur, alimentation, boisson', '2021-02-26', '79.00'),
(197668, 'b34', '202103', 'achat de matériel de papèterie', '2021-03-13', '29.00'),
(197669, 'b34', '202103', 'Voyage SNCF', '2021-03-25', '150.00'),
(197670, 'b34', '202103', 'location équipement vidéo/sonore', '2021-03-12', '716.00'),
(197671, 'b34', '202103', 'location salle conférence', '2021-03-09', '344.00'),
(197672, 'b34', '202103', 'repas avec praticien', '2021-03-03', '32.00'),
(197673, 'b34', '202104', 'frais vestimentaire/représentation', '2021-04-21', '385.00'),
(197674, 'b34', '202104', 'frais vestimentaire/représentation', '2021-04-12', '359.00'),
(197675, 'b34', '202105', 'traiteur, alimentation, boisson', '2021-05-22', '61.00'),
(197676, 'b34', '202105', 'location salle conférence', '2021-05-05', '142.00'),
(197677, 'b34', '202105', 'achat d\'espace publicitaire', '2021-05-06', '57.00'),
(197678, 'b34', '202106', 'achat d\'espace publicitaire', '2021-06-03', '62.00'),
(197679, 'b34', '202106', 'location véhicule', '2021-06-06', '313.00'),
(197680, 'b34', '202106', 'location salle conférence', '2021-06-05', '277.00'),
(197681, 'b34', '202106', 'rémunération intervenant/spécialiste', '2021-06-02', '615.00'),
(197682, 'b34', '202106', 'rémunération intervenant/spécialiste', '2021-06-20', '292.00'),
(197683, 'b34', '202107', 'Voyage SNCF', '2021-07-09', '133.00'),
(197684, 'b34', '202107', 'location équipement vidéo/sonore', '2021-07-09', '519.00'),
(197685, 'b34', '202108', 'frais vestimentaire/représentation', '2021-08-17', '276.00'),
(197686, 'b34', '202108', 'Voyage SNCF', '2021-08-17', '87.00'),
(197687, 'b34', '202109', 'Voyage SNCF', '2021-09-20', '33.00'),
(197688, 'b34', '202109', 'achat d\'espace publicitaire', '2021-09-18', '69.00'),
(197689, 'b4', '202101', 'achat d\'espace publicitaire', '2021-01-19', '110.00'),
(197690, 'b4', '202102', 'traiteur, alimentation, boisson', '2021-02-09', '168.00'),
(197691, 'b4', '202103', 'achat de matériel de papèterie', '2021-03-11', '38.00'),
(197692, 'b4', '202103', 'location équipement vidéo/sonore', '2021-03-07', '801.00'),
(197693, 'b4', '202103', 'rémunération intervenant/spécialiste', '2021-03-08', '1077.00'),
(197694, 'b4', '202103', 'Voyage SNCF', '2021-03-18', '54.00'),
(197695, 'b4', '202103', 'location véhicule', '2021-03-08', '401.00'),
(197696, 'b4', '202103', 'location véhicule', '2021-03-19', '109.00'),
(197697, 'b4', '202104', 'achat de matériel de papèterie', '2021-04-04', '20.00'),
(197698, 'b4', '202104', 'taxi', '2021-04-19', '58.00'),
(197699, 'b4', '202104', 'location salle conférence', '2021-04-28', '484.00'),
(197700, 'b4', '202105', 'frais vestimentaire/représentation', '2021-05-03', '313.00'),
(197701, 'b4', '202105', 'achat d\'espace publicitaire', '2021-05-11', '85.00'),
(197702, 'b4', '202105', 'taxi', '2021-05-24', '56.00'),
(197703, 'b4', '202105', 'Voyage SNCF', '2021-05-05', '140.00'),
(197704, 'b4', '202106', 'location équipement vidéo/sonore', '2021-06-11', '564.00'),
(197705, 'b4', '202106', 'frais vestimentaire/représentation', '2021-06-20', '379.00'),
(197706, 'b4', '202106', 'frais vestimentaire/représentation', '2021-06-20', '42.00'),
(197707, 'b4', '202106', 'taxi', '2021-06-27', '69.00'),
(197708, 'b4', '202106', 'achat d\'espace publicitaire', '2021-06-14', '135.00'),
(197709, 'b4', '202106', 'frais vestimentaire/représentation', '2021-06-27', '131.00'),
(197710, 'b4', '202107', 'repas avec praticien', '2021-07-08', '41.00'),
(197711, 'b4', '202107', 'location véhicule', '2021-07-26', '347.00'),
(197712, 'b4', '202107', 'Voyage SNCF', '2021-07-04', '98.00'),
(197713, 'b4', '202107', 'location véhicule', '2021-07-20', '264.00'),
(197714, 'b4', '202107', 'Voyage SNCF', '2021-07-14', '67.00'),
(197715, 'b4', '202107', 'Voyage SNCF', '2021-07-19', '48.00'),
(197716, 'b4', '202108', 'location véhicule', '2021-08-15', '114.00'),
(197717, 'b4', '202108', 'rémunération intervenant/spécialiste', '2021-08-22', '740.00'),
(197718, 'b4', '202108', 'location véhicule', '2021-08-24', '366.00'),
(197719, 'b4', '202108', 'frais vestimentaire/représentation', '2021-08-24', '239.00'),
(197720, 'b4', '202109', 'achat de matériel de papèterie', '2021-09-18', '15.00'),
(197721, 'b4', '202109', 'location véhicule', '2021-09-08', '186.00'),
(197722, 'b4', '202109', 'taxi', '2021-09-02', '62.00'),
(197723, 'b4', '202109', 'rémunération intervenant/spécialiste', '2021-09-09', '1108.00'),
(197724, 'b4', '202109', 'repas avec praticien', '2021-09-14', '48.00'),
(197725, 'b4', '202109', 'traiteur, alimentation, boisson', '2021-09-26', '362.00'),
(197726, 'b50', '202101', 'location salle conférence', '2021-01-18', '580.00'),
(197727, 'b50', '202101', 'taxi', '2021-01-24', '72.00'),
(197728, 'b50', '202101', 'repas avec praticien', '2021-01-05', '46.00'),
(197729, 'b50', '202102', 'location équipement vidéo/sonore', '2021-02-01', '519.00'),
(197730, 'b50', '202103', 'frais vestimentaire/représentation', '2021-03-01', '129.00'),
(197731, 'b50', '202103', 'taxi', '2021-03-06', '55.00'),
(197732, 'b50', '202104', 'Voyage SNCF', '2021-04-13', '71.00'),
(197733, 'b50', '202104', 'frais vestimentaire/représentation', '2021-04-03', '147.00'),
(197734, 'b50', '202105', 'traiteur, alimentation, boisson', '2021-05-19', '303.00'),
(197735, 'b50', '202105', 'repas avec praticien', '2021-05-25', '33.00'),
(197736, 'b50', '202106', 'frais vestimentaire/représentation', '2021-06-24', '106.00'),
(197737, 'b50', '202107', 'rémunération intervenant/spécialiste', '2021-07-16', '663.00'),
(197738, 'b50', '202107', 'location équipement vidéo/sonore', '2021-07-21', '830.00'),
(197739, 'b50', '202108', 'location équipement vidéo/sonore', '2021-08-24', '705.00'),
(197740, 'b50', '202108', 'achat d\'espace publicitaire', '2021-08-02', '144.00'),
(197741, 'b50', '202109', 'traiteur, alimentation, boisson', '2021-09-09', '51.00'),
(197742, 'b50', '202109', 'location véhicule', '2021-09-02', '166.00'),
(197743, 'b59', '202101', 'repas avec praticien', '2021-01-12', '43.00'),
(197744, 'b59', '202101', 'frais vestimentaire/représentation', '2021-01-23', '239.00'),
(197745, 'b59', '202102', 'location salle conférence', '2021-02-01', '120.00'),
(197746, 'b59', '202102', 'frais vestimentaire/représentation', '2021-02-02', '437.00'),
(197747, 'b59', '202102', 'rémunération intervenant/spécialiste', '2021-02-23', '645.00'),
(197748, 'b59', '202103', 'achat d\'espace publicitaire', '2021-03-03', '23.00'),
(197749, 'b59', '202103', 'location véhicule', '2021-03-15', '257.00'),
(197750, 'b59', '202103', 'Voyage SNCF', '2021-03-19', '32.00'),
(197751, 'b59', '202103', 'frais vestimentaire/représentation', '2021-03-24', '203.00'),
(197752, 'b59', '202103', 'Voyage SNCF', '2021-03-18', '125.00'),
(197753, 'b59', '202103', 'traiteur, alimentation, boisson', '2021-03-07', '258.00'),
(197754, 'b59', '202104', 'traiteur, alimentation, boisson', '2021-04-07', '164.00'),
(197755, 'b59', '202104', 'traiteur, alimentation, boisson', '2021-04-10', '89.00'),
(197756, 'b59', '202104', 'location équipement vidéo/sonore', '2021-04-28', '437.00'),
(197757, 'b59', '202105', 'taxi', '2021-05-12', '34.00'),
(197758, 'b59', '202105', 'location équipement vidéo/sonore', '2021-05-25', '131.00'),
(197759, 'b59', '202106', 'location salle conférence', '2021-06-11', '154.00'),
(197760, 'b59', '202107', 'frais vestimentaire/représentation', '2021-07-05', '176.00'),
(197761, 'b59', '202107', 'rémunération intervenant/spécialiste', '2021-07-28', '770.00'),
(197762, 'b59', '202107', 'traiteur, alimentation, boisson', '2021-07-26', '57.00'),
(197763, 'b59', '202107', 'rémunération intervenant/spécialiste', '2021-07-23', '254.00'),
(197764, 'b59', '202107', 'taxi', '2021-07-01', '65.00'),
(197765, 'b59', '202107', 'location équipement vidéo/sonore', '2021-07-26', '309.00'),
(197766, 'b59', '202108', 'traiteur, alimentation, boisson', '2021-08-19', '398.00'),
(197767, 'b59', '202108', 'location salle conférence', '2021-08-01', '295.00'),
(197768, 'b59', '202108', 'traiteur, alimentation, boisson', '2021-08-20', '52.00'),
(197769, 'b59', '202108', 'location équipement vidéo/sonore', '2021-08-01', '322.00'),
(197770, 'b59', '202109', 'repas avec praticien', '2021-09-22', '50.00'),
(197771, 'b59', '202109', 'location salle conférence', '2021-09-12', '404.00'),
(197772, 'b59', '202109', 'location équipement vidéo/sonore', '2021-09-26', '732.00'),
(197773, 'b59', '202109', 'Voyage SNCF', '2021-09-09', '70.00'),
(197774, 'b59', '202109', 'taxi', '2021-09-18', '32.00'),
(197775, 'b59', '202109', 'achat de matériel de papèterie', '2021-09-17', '18.00'),
(197776, 'c14', '202101', 'achat de matériel de papèterie', '2021-01-15', '33.00'),
(197777, 'c14', '202101', 'Voyage SNCF', '2021-01-20', '53.00'),
(197778, 'c14', '202101', 'taxi', '2021-01-08', '58.00'),
(197779, 'c14', '202101', 'achat de matériel de papèterie', '2021-01-16', '33.00'),
(197780, 'c14', '202101', 'taxi', '2021-01-01', '48.00'),
(197781, 'c14', '202102', 'location équipement vidéo/sonore', '2021-02-16', '458.00'),
(197782, 'c14', '202102', 'Voyage SNCF', '2021-02-05', '52.00'),
(197783, 'c14', '202103', 'traiteur, alimentation, boisson', '2021-03-28', '153.00'),
(197784, 'c14', '202104', 'location véhicule', '2021-04-09', '426.00'),
(197785, 'c14', '202104', 'location véhicule', '2021-04-20', '261.00'),
(197786, 'c14', '202104', 'achat d\'espace publicitaire', '2021-04-23', '22.00'),
(197787, 'c14', '202104', 'location véhicule', '2021-04-15', '153.00'),
(197788, 'c14', '202104', 'achat de matériel de papèterie', '2021-04-05', '42.00'),
(197789, 'c14', '202105', 'repas avec praticien', '2021-05-10', '31.00'),
(197790, 'c14', '202105', 'rémunération intervenant/spécialiste', '2021-05-17', '382.00'),
(197791, 'c14', '202105', 'location salle conférence', '2021-05-13', '627.00'),
(197792, 'c14', '202105', 'taxi', '2021-05-21', '79.00'),
(197793, 'c14', '202105', 'achat de matériel de papèterie', '2021-05-23', '36.00'),
(197794, 'c14', '202106', 'rémunération intervenant/spécialiste', '2021-06-25', '993.00'),
(197795, 'c14', '202106', 'achat d\'espace publicitaire', '2021-06-03', '128.00'),
(197796, 'c14', '202106', 'location véhicule', '2021-06-15', '317.00'),
(197797, 'c14', '202106', 'repas avec praticien', '2021-06-04', '42.00'),
(197798, 'c14', '202106', 'location équipement vidéo/sonore', '2021-06-09', '792.00'),
(197799, 'c14', '202106', 'location équipement vidéo/sonore', '2021-06-14', '277.00'),
(197800, 'c14', '202107', 'taxi', '2021-07-08', '78.00'),
(197801, 'c14', '202107', 'location véhicule', '2021-07-12', '120.00'),
(197802, 'c14', '202108', 'location véhicule', '2021-08-10', '248.00'),
(197803, 'c14', '202109', 'location véhicule', '2021-09-05', '390.00'),
(197804, 'c14', '202109', 'achat de matériel de papèterie', '2021-09-17', '22.00'),
(197805, 'c14', '202109', 'repas avec praticien', '2021-09-06', '48.00'),
(197806, 'c14', '202109', 'location véhicule', '2021-09-08', '194.00'),
(197807, 'c14', '202109', 'achat d\'espace publicitaire', '2021-09-25', '72.00'),
(197808, 'c14', '202109', 'location véhicule', '2021-09-02', '290.00'),
(197809, 'c3', '202101', 'achat de matériel de papèterie', '2021-01-24', '37.00'),
(197810, 'c3', '202101', 'achat de matériel de papèterie', '2021-01-01', '45.00'),
(197811, 'c3', '202101', 'rémunération intervenant/spécialiste', '2021-01-24', '355.00'),
(197812, 'c3', '202101', 'location équipement vidéo/sonore', '2021-01-13', '565.00'),
(197813, 'c3', '202101', 'location salle conférence', '2021-01-17', '267.00'),
(197814, 'c3', '202102', 'achat de matériel de papèterie', '2021-02-27', '40.00'),
(197815, 'c3', '202102', 'achat de matériel de papèterie', '2021-02-27', '40.00'),
(197816, 'c3', '202102', 'Voyage SNCF', '2021-02-28', '131.00'),
(197817, 'c3', '202102', 'rémunération intervenant/spécialiste', '2021-02-17', '377.00'),
(197818, 'c3', '202102', 'traiteur, alimentation, boisson', '2021-02-08', '146.00'),
(197819, 'c3', '202102', 'achat d\'espace publicitaire', '2021-02-27', '130.00'),
(197820, 'c3', '202103', 'rémunération intervenant/spécialiste', '2021-03-20', '1048.00'),
(197821, 'c3', '202103', 'location véhicule', '2021-03-23', '338.00'),
(197822, 'c3', '202103', 'achat de matériel de papèterie', '2021-03-05', '45.00'),
(197823, 'c3', '202103', 'repas avec praticien', '2021-03-16', '42.00'),
(197824, 'c3', '202103', 'rémunération intervenant/spécialiste', '2021-03-01', '358.00'),
(197825, 'c3', '202104', 'frais vestimentaire/représentation', '2021-04-19', '205.00'),
(197826, 'c3', '202104', 'taxi', '2021-04-11', '29.00'),
(197827, 'c3', '202104', 'repas avec praticien', '2021-04-15', '45.00'),
(197828, 'c3', '202104', 'frais vestimentaire/représentation', '2021-04-01', '188.00'),
(197829, 'c3', '202104', 'Voyage SNCF', '2021-04-20', '59.00'),
(197830, 'c3', '202104', 'rémunération intervenant/spécialiste', '2021-04-02', '1153.00'),
(197831, 'c3', '202105', 'traiteur, alimentation, boisson', '2021-05-03', '55.00'),
(197832, 'c3', '202105', 'Voyage SNCF', '2021-05-07', '123.00'),
(197833, 'c3', '202105', 'achat d\'espace publicitaire', '2021-05-28', '29.00'),
(197834, 'c3', '202105', 'traiteur, alimentation, boisson', '2021-05-01', '171.00'),
(197835, 'c3', '202106', 'location équipement vidéo/sonore', '2021-06-06', '617.00'),
(197836, 'c3', '202106', 'traiteur, alimentation, boisson', '2021-06-24', '71.00'),
(197837, 'c3', '202107', 'taxi', '2021-07-09', '33.00'),
(197838, 'c3', '202107', 'repas avec praticien', '2021-07-11', '35.00'),
(197839, 'c3', '202107', 'traiteur, alimentation, boisson', '2021-07-19', '173.00'),
(197840, 'c3', '202107', 'location salle conférence', '2021-07-06', '139.00'),
(197841, 'c3', '202108', 'location véhicule', '2021-08-03', '277.00'),
(197842, 'c3', '202108', 'location salle conférence', '2021-08-05', '633.00'),
(197843, 'c3', '202108', 'taxi', '2021-08-12', '38.00'),
(197844, 'c3', '202108', 'Voyage SNCF', '2021-08-04', '75.00'),
(197845, 'c3', '202108', 'location équipement vidéo/sonore', '2021-08-07', '604.00'),
(197846, 'c3', '202108', 'repas avec praticien', '2021-08-12', '36.00'),
(197847, 'c3', '202109', 'taxi', '2021-09-27', '37.00'),
(197848, 'c3', '202109', 'achat d\'espace publicitaire', '2021-09-10', '60.00'),
(197849, 'c3', '202109', 'achat d\'espace publicitaire', '2021-09-03', '69.00'),
(197850, 'c3', '202109', 'repas avec praticien', '2021-09-22', '42.00'),
(197851, 'c3', '202109', 'location équipement vidéo/sonore', '2021-09-22', '335.00'),
(197852, 'c54', '202101', 'achat d\'espace publicitaire', '2021-01-11', '30.00'),
(197853, 'c54', '202101', 'achat de matériel de papèterie', '2021-01-05', '38.00'),
(197854, 'c54', '202101', 'traiteur, alimentation, boisson', '2021-01-10', '40.00'),
(197855, 'c54', '202101', 'Voyage SNCF', '2021-01-16', '61.00'),
(197856, 'c54', '202101', 'frais vestimentaire/représentation', '2021-01-04', '210.00'),
(197857, 'c54', '202101', 'Voyage SNCF', '2021-01-03', '54.00'),
(197858, 'c54', '202102', 'repas avec praticien', '2021-02-12', '43.00'),
(197859, 'c54', '202102', 'location équipement vidéo/sonore', '2021-02-19', '393.00'),
(197860, 'c54', '202102', 'location salle conférence', '2021-02-24', '394.00'),
(197861, 'c54', '202103', 'achat d\'espace publicitaire', '2021-03-08', '87.00'),
(197862, 'c54', '202103', 'achat de matériel de papèterie', '2021-03-15', '18.00'),
(197863, 'c54', '202103', 'achat de matériel de papèterie', '2021-03-25', '17.00'),
(197864, 'c54', '202103', 'rémunération intervenant/spécialiste', '2021-03-08', '463.00'),
(197865, 'c54', '202103', 'location véhicule', '2021-03-04', '272.00'),
(197866, 'c54', '202103', 'Voyage SNCF', '2021-03-06', '40.00'),
(197867, 'c54', '202104', 'location salle conférence', '2021-04-11', '136.00'),
(197868, 'c54', '202104', 'location équipement vidéo/sonore', '2021-04-21', '172.00'),
(197869, 'c54', '202104', 'frais vestimentaire/représentation', '2021-04-07', '192.00'),
(197870, 'c54', '202104', 'frais vestimentaire/représentation', '2021-04-06', '366.00'),
(197871, 'c54', '202104', 'achat de matériel de papèterie', '2021-04-27', '31.00'),
(197872, 'c54', '202105', 'achat d\'espace publicitaire', '2021-05-26', '150.00'),
(197873, 'c54', '202105', 'rémunération intervenant/spécialiste', '2021-05-23', '677.00'),
(197874, 'c54', '202105', 'traiteur, alimentation, boisson', '2021-05-20', '365.00'),
(197875, 'c54', '202105', 'taxi', '2021-05-25', '56.00'),
(197876, 'c54', '202105', 'traiteur, alimentation, boisson', '2021-05-01', '58.00'),
(197877, 'c54', '202105', 'taxi', '2021-05-06', '26.00'),
(197878, 'c54', '202106', 'traiteur, alimentation, boisson', '2021-06-07', '148.00'),
(197879, 'c54', '202106', 'taxi', '2021-06-03', '21.00'),
(197880, 'c54', '202106', 'achat d\'espace publicitaire', '2021-06-24', '98.00'),
(197881, 'c54', '202106', 'location équipement vidéo/sonore', '2021-06-23', '319.00'),
(197882, 'c54', '202106', 'location véhicule', '2021-06-05', '57.00'),
(197883, 'c54', '202106', 'location équipement vidéo/sonore', '2021-06-20', '168.00'),
(197884, 'c54', '202107', 'repas avec praticien', '2021-07-05', '33.00'),
(197885, 'c54', '202107', 'achat d\'espace publicitaire', '2021-07-01', '59.00'),
(197886, 'c54', '202107', 'location véhicule', '2021-07-11', '286.00'),
(197887, 'c54', '202107', 'achat de matériel de papèterie', '2021-07-08', '24.00'),
(197888, 'c54', '202107', 'location équipement vidéo/sonore', '2021-07-07', '214.00'),
(197889, 'c54', '202107', 'repas avec praticien', '2021-07-12', '34.00'),
(197890, 'c54', '202108', 'frais vestimentaire/représentation', '2021-08-03', '30.00'),
(197891, 'c54', '202109', 'location véhicule', '2021-09-12', '125.00'),
(197892, 'c54', '202109', 'Voyage SNCF', '2021-09-09', '121.00'),
(197893, 'c54', '202109', 'location véhicule', '2021-09-28', '97.00'),
(197894, 'c54', '202109', 'rémunération intervenant/spécialiste', '2021-09-17', '690.00'),
(197895, 'c54', '202109', 'traiteur, alimentation, boisson', '2021-09-18', '206.00'),
(197896, 'd13', '202101', 'taxi', '2021-01-19', '74.00'),
(197897, 'd13', '202101', 'achat de matériel de papèterie', '2021-01-18', '47.00'),
(197898, 'd13', '202101', 'location salle conférence', '2021-01-20', '205.00'),
(197899, 'd13', '202101', 'rémunération intervenant/spécialiste', '2021-01-06', '1162.00'),
(197900, 'd13', '202102', 'traiteur, alimentation, boisson', '2021-02-23', '61.00'),
(197901, 'd13', '202103', 'taxi', '2021-03-20', '52.00'),
(197902, 'd13', '202104', 'location salle conférence', '2021-04-22', '447.00'),
(197903, 'd13', '202104', 'achat de matériel de papèterie', '2021-04-01', '30.00'),
(197904, 'd13', '202104', 'traiteur, alimentation, boisson', '2021-04-14', '334.00'),
(197905, 'd13', '202104', 'achat d\'espace publicitaire', '2021-04-20', '25.00'),
(197906, 'd13', '202105', 'rémunération intervenant/spécialiste', '2021-05-22', '963.00'),
(197907, 'd13', '202106', 'traiteur, alimentation, boisson', '2021-06-03', '361.00'),
(197908, 'd13', '202106', 'frais vestimentaire/représentation', '2021-06-26', '415.00'),
(197909, 'd13', '202106', 'rémunération intervenant/spécialiste', '2021-06-03', '441.00'),
(197910, 'd13', '202106', 'frais vestimentaire/représentation', '2021-06-21', '33.00'),
(197911, 'd13', '202106', 'location équipement vidéo/sonore', '2021-06-02', '418.00'),
(197912, 'd13', '202106', 'achat de matériel de papèterie', '2021-06-27', '37.00'),
(197913, 'd13', '202107', 'repas avec praticien', '2021-07-04', '32.00'),
(197914, 'd13', '202107', 'repas avec praticien', '2021-07-24', '47.00'),
(197915, 'd13', '202107', 'location équipement vidéo/sonore', '2021-07-15', '657.00'),
(197916, 'd13', '202108', 'location équipement vidéo/sonore', '2021-08-08', '387.00'),
(197917, 'd13', '202108', 'frais vestimentaire/représentation', '2021-08-15', '316.00'),
(197918, 'd13', '202108', 'achat d\'espace publicitaire', '2021-08-22', '43.00'),
(197919, 'd13', '202108', 'location équipement vidéo/sonore', '2021-08-26', '406.00'),
(197920, 'd13', '202109', 'traiteur, alimentation, boisson', '2021-09-06', '126.00'),
(197921, 'd13', '202109', 'achat de matériel de papèterie', '2021-09-01', '12.00'),
(197922, 'd13', '202109', 'location véhicule', '2021-09-27', '128.00'),
(197923, 'd13', '202109', 'Voyage SNCF', '2021-09-25', '53.00'),
(197924, 'd13', '202109', 'repas avec praticien', '2021-09-02', '43.00'),
(197925, 'd51', '202101', 'repas avec praticien', '2021-01-11', '41.00'),
(197926, 'd51', '202101', 'rémunération intervenant/spécialiste', '2021-01-18', '1118.00'),
(197927, 'd51', '202101', 'Voyage SNCF', '2021-01-01', '103.00'),
(197928, 'd51', '202101', 'achat de matériel de papèterie', '2021-01-12', '23.00'),
(197929, 'd51', '202101', 'achat d\'espace publicitaire', '2021-01-01', '34.00'),
(197930, 'd51', '202102', 'location salle conférence', '2021-02-13', '487.00'),
(197931, 'd51', '202102', 'achat d\'espace publicitaire', '2021-02-09', '20.00'),
(197932, 'd51', '202102', 'achat de matériel de papèterie', '2021-02-20', '45.00'),
(197933, 'd51', '202102', 'location véhicule', '2021-02-06', '27.00'),
(197934, 'd51', '202102', 'achat de matériel de papèterie', '2021-02-01', '49.00'),
(197935, 'd51', '202103', 'taxi', '2021-03-27', '50.00'),
(197936, 'd51', '202103', 'location véhicule', '2021-03-14', '265.00'),
(197937, 'd51', '202103', 'taxi', '2021-03-13', '39.00'),
(197938, 'd51', '202104', 'repas avec praticien', '2021-04-27', '46.00'),
(197939, 'd51', '202104', 'frais vestimentaire/représentation', '2021-04-02', '247.00'),
(197940, 'd51', '202105', 'traiteur, alimentation, boisson', '2021-05-28', '378.00'),
(197941, 'd51', '202105', 'repas avec praticien', '2021-05-06', '32.00'),
(197942, 'd51', '202105', 'rémunération intervenant/spécialiste', '2021-05-01', '701.00'),
(197943, 'd51', '202105', 'location véhicule', '2021-05-19', '155.00'),
(197944, 'd51', '202105', 'frais vestimentaire/représentation', '2021-05-23', '173.00'),
(197945, 'd51', '202106', 'traiteur, alimentation, boisson', '2021-06-02', '379.00'),
(197946, 'd51', '202106', 'rémunération intervenant/spécialiste', '2021-06-09', '757.00'),
(197947, 'd51', '202106', 'taxi', '2021-06-28', '48.00'),
(197948, 'd51', '202106', 'Voyage SNCF', '2021-06-08', '97.00'),
(197949, 'd51', '202106', 'achat de matériel de papèterie', '2021-06-07', '47.00'),
(197950, 'd51', '202107', 'rémunération intervenant/spécialiste', '2021-07-01', '925.00'),
(197951, 'd51', '202107', 'achat d\'espace publicitaire', '2021-07-12', '86.00'),
(197952, 'd51', '202107', 'rémunération intervenant/spécialiste', '2021-07-15', '941.00'),
(197953, 'd51', '202108', 'achat d\'espace publicitaire', '2021-08-02', '53.00'),
(197954, 'd51', '202108', 'location salle conférence', '2021-08-03', '485.00'),
(197955, 'd51', '202108', 'achat d\'espace publicitaire', '2021-08-04', '48.00'),
(197956, 'd51', '202108', 'location véhicule', '2021-08-18', '33.00'),
(197957, 'd51', '202109', 'taxi', '2021-09-26', '37.00'),
(197958, 'e22', '202101', 'Voyage SNCF', '2021-01-12', '117.00'),
(197959, 'e22', '202101', 'location équipement vidéo/sonore', '2021-01-13', '320.00'),
(197960, 'e22', '202101', 'rémunération intervenant/spécialiste', '2021-01-11', '404.00'),
(197961, 'e22', '202101', 'frais vestimentaire/représentation', '2021-01-10', '262.00'),
(197962, 'e22', '202102', 'location équipement vidéo/sonore', '2021-02-26', '482.00'),
(197963, 'e22', '202102', 'location salle conférence', '2021-02-26', '619.00'),
(197964, 'e22', '202102', 'repas avec praticien', '2021-02-14', '35.00'),
(197965, 'e22', '202103', 'location équipement vidéo/sonore', '2021-03-04', '184.00'),
(197966, 'e22', '202103', 'location équipement vidéo/sonore', '2021-03-17', '783.00'),
(197967, 'e22', '202103', 'rémunération intervenant/spécialiste', '2021-03-09', '571.00'),
(197968, 'e22', '202103', 'Voyage SNCF', '2021-03-05', '145.00'),
(197969, 'e22', '202104', 'location salle conférence', '2021-04-16', '288.00'),
(197970, 'e22', '202104', 'frais vestimentaire/représentation', '2021-04-25', '356.00'),
(197971, 'e22', '202105', 'Voyage SNCF', '2021-05-10', '125.00'),
(197972, 'e22', '202106', 'Voyage SNCF', '2021-06-04', '96.00'),
(197973, 'e22', '202106', 'frais vestimentaire/représentation', '2021-06-09', '25.00'),
(197974, 'e22', '202106', 'location équipement vidéo/sonore', '2021-06-09', '778.00'),
(197975, 'e22', '202106', 'location véhicule', '2021-06-01', '140.00'),
(197976, 'e22', '202106', 'Voyage SNCF', '2021-06-13', '149.00'),
(197977, 'e22', '202107', 'location salle conférence', '2021-07-16', '239.00'),
(197978, 'e22', '202107', 'achat de matériel de papèterie', '2021-07-21', '44.00'),
(197979, 'e22', '202108', 'taxi', '2021-08-13', '34.00'),
(197980, 'e22', '202109', 'rémunération intervenant/spécialiste', '2021-09-26', '815.00'),
(197981, 'e24', '202101', 'traiteur, alimentation, boisson', '2021-01-08', '366.00'),
(197982, 'e24', '202101', 'achat d\'espace publicitaire', '2021-01-18', '93.00'),
(197983, 'e24', '202101', 'taxi', '2021-01-22', '47.00'),
(197984, 'e24', '202101', 'achat de matériel de papèterie', '2021-01-11', '17.00'),
(197985, 'e24', '202102', 'achat d\'espace publicitaire', '2021-02-20', '113.00'),
(197986, 'e24', '202102', 'Voyage SNCF', '2021-02-28', '31.00'),
(197987, 'e24', '202102', 'achat d\'espace publicitaire', '2021-02-05', '56.00'),
(197988, 'e24', '202102', 'repas avec praticien', '2021-02-16', '44.00'),
(197989, 'e24', '202102', 'repas avec praticien', '2021-02-26', '48.00'),
(197990, 'e24', '202102', 'location salle conférence', '2021-02-16', '223.00'),
(197991, 'e24', '202103', 'achat de matériel de papèterie', '2021-03-24', '25.00'),
(197992, 'e24', '202103', 'traiteur, alimentation, boisson', '2021-03-21', '323.00'),
(197993, 'e24', '202103', 'rémunération intervenant/spécialiste', '2021-03-09', '253.00'),
(197994, 'e24', '202103', 'traiteur, alimentation, boisson', '2021-03-19', '169.00'),
(197995, 'e24', '202104', 'achat de matériel de papèterie', '2021-04-12', '48.00'),
(197996, 'e24', '202105', 'rémunération intervenant/spécialiste', '2021-05-22', '252.00'),
(197997, 'e24', '202106', 'frais vestimentaire/représentation', '2021-06-22', '194.00'),
(197998, 'e24', '202106', 'location équipement vidéo/sonore', '2021-06-13', '662.00'),
(197999, 'e24', '202106', 'frais vestimentaire/représentation', '2021-06-11', '372.00'),
(198000, 'e24', '202106', 'frais vestimentaire/représentation', '2021-06-15', '304.00'),
(198001, 'e24', '202107', 'Voyage SNCF', '2021-07-14', '99.00'),
(198002, 'e24', '202107', 'achat d\'espace publicitaire', '2021-07-13', '115.00'),
(198003, 'e24', '202107', 'frais vestimentaire/représentation', '2021-07-15', '36.00'),
(198004, 'e24', '202108', 'achat de matériel de papèterie', '2021-08-23', '20.00'),
(198005, 'e24', '202109', 'frais vestimentaire/représentation', '2021-09-24', '445.00'),
(198006, 'e24', '202109', 'location équipement vidéo/sonore', '2021-09-13', '673.00'),
(198007, 'e24', '202109', 'repas avec praticien', '2021-09-25', '32.00'),
(198008, 'e39', '202101', 'traiteur, alimentation, boisson', '2021-01-02', '74.00'),
(198009, 'e39', '202101', 'achat d\'espace publicitaire', '2021-01-07', '22.00'),
(198010, 'e39', '202102', 'traiteur, alimentation, boisson', '2021-02-19', '278.00'),
(198011, 'e39', '202102', 'location véhicule', '2021-02-27', '152.00'),
(198012, 'e39', '202102', 'location véhicule', '2021-02-15', '38.00'),
(198013, 'e39', '202103', 'achat de matériel de papèterie', '2021-03-23', '40.00');
INSERT INTO `lignefraishorsforfait` (`id`, `idvisiteur`, `mois`, `libelle`, `date`, `montant`) VALUES
(198014, 'e39', '202103', 'repas avec praticien', '2021-03-01', '42.00'),
(198015, 'e39', '202103', 'Voyage SNCF', '2021-03-11', '58.00'),
(198016, 'e39', '202103', 'taxi', '2021-03-18', '45.00'),
(198017, 'e39', '202104', 'location véhicule', '2021-04-28', '211.00'),
(198018, 'e39', '202104', 'repas avec praticien', '2021-04-10', '39.00'),
(198019, 'e39', '202104', 'rémunération intervenant/spécialiste', '2021-04-13', '620.00'),
(198020, 'e39', '202104', 'frais vestimentaire/représentation', '2021-04-10', '120.00'),
(198021, 'e39', '202105', 'traiteur, alimentation, boisson', '2021-05-03', '384.00'),
(198022, 'e39', '202105', 'traiteur, alimentation, boisson', '2021-05-26', '146.00'),
(198023, 'e39', '202105', 'location véhicule', '2021-05-07', '182.00'),
(198024, 'e39', '202105', 'achat de matériel de papèterie', '2021-05-01', '13.00'),
(198025, 'e39', '202105', 'achat d\'espace publicitaire', '2021-05-24', '96.00'),
(198026, 'e39', '202106', 'taxi', '2021-06-26', '71.00'),
(198027, 'e39', '202106', 'repas avec praticien', '2021-06-25', '34.00'),
(198028, 'e39', '202106', 'repas avec praticien', '2021-06-28', '39.00'),
(198029, 'e39', '202106', 'taxi', '2021-06-09', '47.00'),
(198030, 'e39', '202106', 'traiteur, alimentation, boisson', '2021-06-25', '109.00'),
(198031, 'e39', '202106', 'achat de matériel de papèterie', '2021-06-18', '40.00'),
(198032, 'e39', '202107', 'Voyage SNCF', '2021-07-21', '85.00'),
(198033, 'e39', '202107', 'frais vestimentaire/représentation', '2021-07-14', '199.00'),
(198034, 'e39', '202107', 'repas avec praticien', '2021-07-23', '49.00'),
(198035, 'e39', '202108', 'taxi', '2021-08-23', '71.00'),
(198036, 'e39', '202108', 'rémunération intervenant/spécialiste', '2021-08-18', '848.00'),
(198037, 'e39', '202109', 'location véhicule', '2021-09-03', '246.00'),
(198038, 'e39', '202109', 'taxi', '2021-09-04', '40.00'),
(198039, 'e39', '202109', 'taxi', '2021-09-27', '57.00'),
(198040, 'e39', '202109', 'achat de matériel de papèterie', '2021-09-27', '47.00'),
(198041, 'e49', '202101', 'location salle conférence', '2021-01-13', '319.00'),
(198042, 'e49', '202102', 'location équipement vidéo/sonore', '2021-02-19', '663.00'),
(198043, 'e49', '202102', 'frais vestimentaire/représentation', '2021-02-13', '132.00'),
(198044, 'e49', '202103', 'achat d\'espace publicitaire', '2021-03-27', '140.00'),
(198045, 'e49', '202104', 'achat d\'espace publicitaire', '2021-04-03', '125.00'),
(198046, 'e49', '202104', 'taxi', '2021-04-25', '58.00'),
(198047, 'e49', '202104', 'Voyage SNCF', '2021-04-05', '33.00'),
(198048, 'e49', '202104', 'frais vestimentaire/représentation', '2021-04-01', '274.00'),
(198049, 'e49', '202104', 'taxi', '2021-04-25', '59.00'),
(198050, 'e49', '202104', 'location salle conférence', '2021-04-03', '512.00'),
(198051, 'e49', '202105', 'rémunération intervenant/spécialiste', '2021-05-27', '502.00'),
(198052, 'e49', '202106', 'location équipement vidéo/sonore', '2021-06-28', '708.00'),
(198053, 'e49', '202106', 'location véhicule', '2021-06-16', '249.00'),
(198054, 'e49', '202107', 'location véhicule', '2021-07-16', '168.00'),
(198055, 'e49', '202107', 'frais vestimentaire/représentation', '2021-07-24', '67.00'),
(198056, 'e49', '202107', 'taxi', '2021-07-03', '45.00'),
(198057, 'e49', '202108', 'location véhicule', '2021-08-09', '104.00'),
(198058, 'e49', '202108', 'traiteur, alimentation, boisson', '2021-08-13', '262.00'),
(198059, 'e49', '202109', 'location salle conférence', '2021-09-16', '430.00'),
(198060, 'e49', '202109', 'location équipement vidéo/sonore', '2021-09-06', '168.00'),
(198061, 'e49', '202109', 'frais vestimentaire/représentation', '2021-09-12', '74.00'),
(198062, 'e49', '202109', 'achat de matériel de papèterie', '2021-09-17', '31.00'),
(198063, 'e49', '202109', 'repas avec praticien', '2021-09-09', '44.00'),
(198064, 'e49', '202109', 'location équipement vidéo/sonore', '2021-09-17', '641.00'),
(198065, 'e5', '202101', 'location équipement vidéo/sonore', '2021-01-19', '654.00'),
(198066, 'e5', '202101', 'location équipement vidéo/sonore', '2021-01-21', '101.00'),
(198067, 'e5', '202102', 'frais vestimentaire/représentation', '2021-02-19', '164.00'),
(198068, 'e5', '202102', 'rémunération intervenant/spécialiste', '2021-02-14', '901.00'),
(198069, 'e5', '202102', 'traiteur, alimentation, boisson', '2021-02-24', '432.00'),
(198070, 'e5', '202103', 'Voyage SNCF', '2021-03-23', '58.00'),
(198071, 'e5', '202103', 'frais vestimentaire/représentation', '2021-03-03', '147.00'),
(198072, 'e5', '202103', 'location salle conférence', '2021-03-16', '263.00'),
(198073, 'e5', '202103', 'location équipement vidéo/sonore', '2021-03-14', '464.00'),
(198074, 'e5', '202104', 'location véhicule', '2021-04-24', '200.00'),
(198075, 'e5', '202104', 'achat de matériel de papèterie', '2021-04-28', '21.00'),
(198076, 'e5', '202105', 'location véhicule', '2021-05-03', '31.00'),
(198077, 'e5', '202105', 'location salle conférence', '2021-05-01', '375.00'),
(198078, 'e5', '202106', 'frais vestimentaire/représentation', '2021-06-14', '328.00'),
(198079, 'e5', '202106', 'Voyage SNCF', '2021-06-11', '41.00'),
(198080, 'e5', '202106', 'location salle conférence', '2021-06-03', '618.00'),
(198081, 'e5', '202106', 'traiteur, alimentation, boisson', '2021-06-18', '208.00'),
(198082, 'e5', '202106', 'location salle conférence', '2021-06-16', '535.00'),
(198083, 'e5', '202106', 'taxi', '2021-06-09', '34.00'),
(198084, 'e5', '202107', 'location véhicule', '2021-07-13', '165.00'),
(198085, 'e5', '202107', 'Voyage SNCF', '2021-07-12', '53.00'),
(198086, 'e5', '202107', 'repas avec praticien', '2021-07-18', '32.00'),
(198087, 'e5', '202107', 'location équipement vidéo/sonore', '2021-07-09', '262.00'),
(198088, 'e5', '202107', 'traiteur, alimentation, boisson', '2021-07-28', '400.00'),
(198089, 'e5', '202107', 'achat d\'espace publicitaire', '2021-07-18', '51.00'),
(198090, 'e5', '202108', 'achat d\'espace publicitaire', '2021-08-19', '23.00'),
(198091, 'e5', '202108', 'repas avec praticien', '2021-08-04', '30.00'),
(198092, 'e5', '202108', 'frais vestimentaire/représentation', '2021-08-19', '150.00'),
(198093, 'e5', '202108', 'Voyage SNCF', '2021-08-10', '129.00'),
(198094, 'e5', '202108', 'taxi', '2021-08-19', '41.00'),
(198095, 'e5', '202109', 'location équipement vidéo/sonore', '2021-09-07', '542.00'),
(198096, 'e52', '202101', 'location salle conférence', '2021-01-02', '307.00'),
(198097, 'e52', '202101', 'location salle conférence', '2021-01-16', '532.00'),
(198098, 'e52', '202101', 'taxi', '2021-01-01', '41.00'),
(198099, 'e52', '202101', 'achat d\'espace publicitaire', '2021-01-06', '61.00'),
(198100, 'e52', '202101', 'achat d\'espace publicitaire', '2021-01-02', '49.00'),
(198101, 'e52', '202101', 'achat d\'espace publicitaire', '2021-01-16', '42.00'),
(198102, 'e52', '202102', 'location salle conférence', '2021-02-14', '530.00'),
(198103, 'e52', '202103', 'location salle conférence', '2021-03-13', '495.00'),
(198104, 'e52', '202103', 'Voyage SNCF', '2021-03-28', '93.00'),
(198105, 'e52', '202103', 'traiteur, alimentation, boisson', '2021-03-23', '37.00'),
(198106, 'e52', '202103', 'repas avec praticien', '2021-03-20', '31.00'),
(198107, 'e52', '202104', 'achat d\'espace publicitaire', '2021-04-26', '138.00'),
(198108, 'e52', '202105', 'achat de matériel de papèterie', '2021-05-05', '46.00'),
(198109, 'e52', '202105', 'rémunération intervenant/spécialiste', '2021-05-05', '855.00'),
(198110, 'e52', '202106', 'frais vestimentaire/représentation', '2021-06-23', '256.00'),
(198111, 'e52', '202106', 'achat de matériel de papèterie', '2021-06-18', '24.00'),
(198112, 'e52', '202106', 'rémunération intervenant/spécialiste', '2021-06-24', '416.00'),
(198113, 'e52', '202106', 'achat de matériel de papèterie', '2021-06-19', '49.00'),
(198114, 'e52', '202106', 'Voyage SNCF', '2021-06-20', '46.00'),
(198115, 'e52', '202107', 'achat de matériel de papèterie', '2021-07-18', '14.00'),
(198116, 'e52', '202107', 'repas avec praticien', '2021-07-26', '47.00'),
(198117, 'e52', '202107', 'frais vestimentaire/représentation', '2021-07-09', '306.00'),
(198118, 'e52', '202108', 'frais vestimentaire/représentation', '2021-08-11', '348.00'),
(198119, 'e52', '202108', 'achat de matériel de papèterie', '2021-08-18', '10.00'),
(198120, 'e52', '202109', 'frais vestimentaire/représentation', '2021-09-11', '235.00'),
(198121, 'e52', '202109', 'Voyage SNCF', '2021-09-08', '124.00'),
(198122, 'f21', '202101', 'location salle conférence', '2021-01-28', '345.00'),
(198123, 'f21', '202101', 'repas avec praticien', '2021-01-16', '46.00'),
(198124, 'f21', '202102', 'location véhicule', '2021-02-17', '390.00'),
(198125, 'f21', '202102', 'repas avec praticien', '2021-02-22', '36.00'),
(198126, 'f21', '202102', 'Voyage SNCF', '2021-02-06', '91.00'),
(198127, 'f21', '202102', 'location salle conférence', '2021-02-13', '264.00'),
(198128, 'f21', '202103', 'Voyage SNCF', '2021-03-23', '120.00'),
(198129, 'f21', '202103', 'frais vestimentaire/représentation', '2021-03-01', '190.00'),
(198130, 'f21', '202103', 'achat d\'espace publicitaire', '2021-03-20', '111.00'),
(198131, 'f21', '202103', 'taxi', '2021-03-14', '64.00'),
(198132, 'f21', '202103', 'location équipement vidéo/sonore', '2021-03-11', '518.00'),
(198133, 'f21', '202104', 'location salle conférence', '2021-04-24', '561.00'),
(198134, 'f21', '202104', 'location salle conférence', '2021-04-28', '314.00'),
(198135, 'f21', '202104', 'achat de matériel de papèterie', '2021-04-26', '43.00'),
(198136, 'f21', '202104', 'location salle conférence', '2021-04-23', '531.00'),
(198137, 'f21', '202105', 'location véhicule', '2021-05-04', '160.00'),
(198138, 'f21', '202105', 'repas avec praticien', '2021-05-26', '40.00'),
(198139, 'f21', '202105', 'Voyage SNCF', '2021-05-23', '41.00'),
(198140, 'f21', '202105', 'rémunération intervenant/spécialiste', '2021-05-06', '391.00'),
(198141, 'f21', '202106', 'achat d\'espace publicitaire', '2021-06-10', '107.00'),
(198142, 'f21', '202106', 'frais vestimentaire/représentation', '2021-06-18', '415.00'),
(198143, 'f21', '202106', 'location salle conférence', '2021-06-14', '219.00'),
(198144, 'f21', '202107', 'frais vestimentaire/représentation', '2021-07-22', '261.00'),
(198145, 'f21', '202107', 'taxi', '2021-07-05', '39.00'),
(198146, 'f21', '202107', 'repas avec praticien', '2021-07-09', '37.00'),
(198147, 'f21', '202107', 'location véhicule', '2021-07-07', '164.00'),
(198148, 'f21', '202108', 'location salle conférence', '2021-08-22', '445.00'),
(198149, 'f21', '202108', 'repas avec praticien', '2021-08-10', '42.00'),
(198150, 'f21', '202108', 'achat de matériel de papèterie', '2021-08-14', '40.00'),
(198151, 'f21', '202108', 'location salle conférence', '2021-08-23', '331.00'),
(198152, 'f21', '202108', 'achat d\'espace publicitaire', '2021-08-13', '135.00'),
(198153, 'f21', '202108', 'achat de matériel de papèterie', '2021-08-18', '38.00'),
(198154, 'f21', '202109', 'rémunération intervenant/spécialiste', '2021-09-09', '1039.00'),
(198155, 'f21', '202109', 'repas avec praticien', '2021-09-10', '43.00'),
(198156, 'f21', '202109', 'rémunération intervenant/spécialiste', '2021-09-23', '701.00'),
(198157, 'f39', '202101', 'repas avec praticien', '2021-01-05', '43.00'),
(198158, 'f39', '202101', 'location véhicule', '2021-01-28', '180.00'),
(198159, 'f39', '202101', 'achat d\'espace publicitaire', '2021-01-14', '43.00'),
(198160, 'f39', '202102', 'taxi', '2021-02-27', '57.00'),
(198161, 'f39', '202102', 'Voyage SNCF', '2021-02-26', '65.00'),
(198162, 'f39', '202102', 'rémunération intervenant/spécialiste', '2021-02-06', '445.00'),
(198163, 'f39', '202102', 'location équipement vidéo/sonore', '2021-02-05', '317.00'),
(198164, 'f39', '202102', 'achat de matériel de papèterie', '2021-02-23', '49.00'),
(198165, 'f39', '202102', 'frais vestimentaire/représentation', '2021-02-04', '338.00'),
(198166, 'f39', '202103', 'traiteur, alimentation, boisson', '2021-03-05', '213.00'),
(198167, 'f39', '202103', 'achat de matériel de papèterie', '2021-03-19', '20.00'),
(198168, 'f39', '202103', 'location équipement vidéo/sonore', '2021-03-16', '208.00'),
(198169, 'f39', '202104', 'taxi', '2021-04-11', '74.00'),
(198170, 'f39', '202104', 'rémunération intervenant/spécialiste', '2021-04-24', '983.00'),
(198171, 'f39', '202104', 'achat de matériel de papèterie', '2021-04-26', '23.00'),
(198172, 'f39', '202104', 'location véhicule', '2021-04-19', '169.00'),
(198173, 'f39', '202105', 'rémunération intervenant/spécialiste', '2021-05-23', '922.00'),
(198174, 'f39', '202106', 'achat de matériel de papèterie', '2021-06-03', '49.00'),
(198175, 'f39', '202106', 'traiteur, alimentation, boisson', '2021-06-07', '446.00'),
(198176, 'f39', '202106', 'frais vestimentaire/représentation', '2021-06-25', '42.00'),
(198177, 'f39', '202106', 'achat de matériel de papèterie', '2021-06-14', '16.00'),
(198178, 'f39', '202107', 'location salle conférence', '2021-07-24', '138.00'),
(198179, 'f39', '202107', 'repas avec praticien', '2021-07-19', '41.00'),
(198180, 'f39', '202107', 'achat d\'espace publicitaire', '2021-07-02', '44.00'),
(198181, 'f39', '202107', 'rémunération intervenant/spécialiste', '2021-07-13', '775.00'),
(198182, 'f39', '202107', 'taxi', '2021-07-19', '33.00'),
(198183, 'f39', '202108', 'rémunération intervenant/spécialiste', '2021-08-04', '513.00'),
(198184, 'f39', '202109', 'location équipement vidéo/sonore', '2021-09-18', '489.00'),
(198185, 'f39', '202109', 'Voyage SNCF', '2021-09-18', '85.00'),
(198186, 'f39', '202109', 'rémunération intervenant/spécialiste', '2021-09-26', '941.00'),
(198187, 'f4', '202101', 'frais vestimentaire/représentation', '2021-01-20', '122.00'),
(198188, 'f4', '202101', 'achat d\'espace publicitaire', '2021-01-21', '108.00'),
(198189, 'f4', '202101', 'rémunération intervenant/spécialiste', '2021-01-22', '688.00'),
(198190, 'f4', '202101', 'achat de matériel de papèterie', '2021-01-19', '37.00'),
(198191, 'f4', '202102', 'rémunération intervenant/spécialiste', '2021-02-03', '1011.00'),
(198192, 'f4', '202102', 'taxi', '2021-02-15', '34.00'),
(198193, 'f4', '202102', 'location véhicule', '2021-02-27', '310.00'),
(198194, 'f4', '202103', 'achat d\'espace publicitaire', '2021-03-03', '48.00'),
(198195, 'f4', '202103', 'achat d\'espace publicitaire', '2021-03-03', '136.00'),
(198196, 'f4', '202103', 'traiteur, alimentation, boisson', '2021-03-11', '433.00'),
(198197, 'f4', '202103', 'traiteur, alimentation, boisson', '2021-03-12', '236.00'),
(198198, 'f4', '202103', 'achat de matériel de papèterie', '2021-03-25', '14.00'),
(198199, 'f4', '202104', 'location équipement vidéo/sonore', '2021-04-04', '747.00'),
(198200, 'f4', '202104', 'repas avec praticien', '2021-04-08', '43.00'),
(198201, 'f4', '202104', 'repas avec praticien', '2021-04-07', '33.00'),
(198202, 'f4', '202104', 'achat de matériel de papèterie', '2021-04-19', '32.00'),
(198203, 'f4', '202105', 'location salle conférence', '2021-05-07', '204.00'),
(198204, 'f4', '202105', 'location équipement vidéo/sonore', '2021-05-11', '404.00'),
(198205, 'f4', '202105', 'location véhicule', '2021-05-14', '402.00'),
(198206, 'f4', '202105', 'location équipement vidéo/sonore', '2021-05-02', '219.00'),
(198207, 'f4', '202105', 'rémunération intervenant/spécialiste', '2021-05-10', '818.00'),
(198208, 'f4', '202106', 'traiteur, alimentation, boisson', '2021-06-22', '191.00'),
(198209, 'f4', '202106', 'Voyage SNCF', '2021-06-22', '111.00'),
(198210, 'f4', '202106', 'achat d\'espace publicitaire', '2021-06-04', '68.00'),
(198211, 'f4', '202106', 'location salle conférence', '2021-06-12', '188.00'),
(198212, 'f4', '202106', 'location véhicule', '2021-06-05', '169.00'),
(198213, 'f4', '202107', 'repas avec praticien', '2021-07-05', '32.00'),
(198214, 'f4', '202107', 'location salle conférence', '2021-07-19', '556.00'),
(198215, 'f4', '202108', 'frais vestimentaire/représentation', '2021-08-12', '206.00'),
(198216, 'f4', '202108', 'taxi', '2021-08-21', '47.00'),
(198217, 'f4', '202108', 'taxi', '2021-08-22', '73.00'),
(198218, 'f4', '202108', 'achat de matériel de papèterie', '2021-08-28', '26.00'),
(198219, 'f4', '202108', 'taxi', '2021-08-06', '79.00'),
(198220, 'f4', '202108', 'achat de matériel de papèterie', '2021-08-05', '33.00'),
(198221, 'f4', '202109', 'location équipement vidéo/sonore', '2021-09-02', '525.00'),
(198222, 'f4', '202109', 'location équipement vidéo/sonore', '2021-09-18', '368.00');

-- --------------------------------------------------------

--
-- Structure de la table `visiteur`
--

CREATE TABLE `visiteur` (
  `id` char(4) NOT NULL,
  `nom` char(30) DEFAULT NULL,
  `prenom` char(30) DEFAULT NULL,
  `login` char(20) DEFAULT NULL,
  `mdp` char(20) DEFAULT NULL,
  `adresse` char(30) DEFAULT NULL,
  `cp` char(5) DEFAULT NULL,
  `ville` char(30) DEFAULT NULL,
  `dateembauche` date DEFAULT NULL
) ENGINE=InnoDB DEFAULT CHARSET=utf8mb4;

--
-- Déchargement des données de la table `visiteur`
--

INSERT INTO `visiteur` (`id`, `nom`, `prenom`, `login`, `mdp`, `adresse`, `cp`, `ville`, `dateembauche`) VALUES
('a131', 'Villechalane', 'Louis', 'lvillachane', 'jux7g', '8 rue des Charmes', '46000', 'Cahors', '2005-12-21'),
('a17', 'Andre', 'David', 'dandre', 'oppg5', '1 rue Petit', '46200', 'Lalbenque', '1998-11-23'),
('a55', 'Bedos', 'Christian', 'cbedos', 'gmhxd', '1 rue Peranud', '46250', 'Montcuq', '1995-01-12'),
('a93', 'Tusseau', 'Louis', 'ltusseau', 'ktp3s', '22 rue des Ternes', '46123', 'Gramat', '2000-05-01'),
('b13', 'Bentot', 'Pascal', 'pbentot', 'doyw1', '11 allée des Cerises', '46512', 'Bessines', '1992-07-09'),
('b16', 'Bioret', 'Luc', 'lbioret', 'hrjfs', '1 Avenue gambetta', '46000', 'Cahors', '1998-05-11'),
('b19', 'Bunisset', 'Francis', 'fbunisset', '4vbnd', '10 rue des Perles', '93100', 'Montreuil', '1987-10-21'),
('b25', 'Bunisset', 'Denise', 'dbunisset', 's1y1r', '23 rue Manin', '75019', 'paris', '2010-12-05'),
('b28', 'Cacheux', 'Bernard', 'bcacheux', 'uf7r3', '114 rue Blanche', '75017', 'Paris', '2009-11-12'),
('b34', 'Cadic', 'Eric', 'ecadic', '6u8dc', '123 avenue de la République', '75011', 'Paris', '2008-09-23'),
('b4', 'Charoze', 'Catherine', 'ccharoze', 'u817o', '100 rue Petit', '75019', 'Paris', '2005-11-12'),
('b50', 'Clepkens', 'Christophe', 'cclepkens', 'bw1us', '12 allée des Anges', '93230', 'Romainville', '2003-08-11'),
('b59', 'Cottin', 'Vincenne', 'vcottin', '2hoh9', '36 rue Des Roches', '93100', 'Monteuil', '2001-11-18'),
('c14', 'Daburon', 'François', 'fdaburon', '7oqpv', '13 rue de Chanzy', '94000', 'Créteil', '2002-02-11'),
('c3', 'De', 'Philippe', 'pde', 'gk9kx', '13 rue Barthes', '94000', 'Créteil', '2010-12-14'),
('c54', 'Debelle', 'Michel', 'mdebelle', 'od5rt', '181 avenue Barbusse', '93210', 'Rosny', '2006-11-23'),
('d13', 'Debelle', 'Jeanne', 'jdebelle', 'nvwqq', '134 allée des Joncs', '44000', 'Nantes', '2000-05-11'),
('d51', 'Debroise', 'Michel', 'mdebroise', 'sghkb', '2 Bld Jourdain', '44000', 'Nantes', '2001-04-17'),
('e22', 'Desmarquest', 'Nathalie', 'ndesmarquest', 'f1fob', '14 Place d Arc', '45000', 'Orléans', '2005-11-12'),
('e24', 'Desnost', 'Pierre', 'pdesnost', '4k2o5', '16 avenue des Cèdres', '23200', 'Guéret', '2001-02-05'),
('e39', 'Dudouit', 'Frédéric', 'fdudouit', '44im8', '18 rue de l église', '23120', 'GrandBourg', '2000-08-01'),
('e49', 'Duncombe', 'Claude', 'cduncombe', 'qf77j', '19 rue de la tour', '23100', 'La souteraine', '1987-10-10'),
('e5', 'Enault-Pascreau', 'Céline', 'cenault', 'y2qdu', '25 place de la gare', '23200', 'Gueret', '1995-09-01'),
('e52', 'Eynde', 'Valérie', 'veynde', 'i7sn3', '3 Grand Place', '13015', 'Marseille', '1999-11-01'),
('f21', 'Finck', 'Jacques', 'jfinck', 'mpb3t', '10 avenue du Prado', '13002', 'Marseille', '2001-11-10'),
('f39', 'Frémont', 'Fernande', 'ffremont', 'xs5tq', '4 route de la mer', '13012', 'Allauh', '1998-10-01'),
('f4', 'Gest', 'Alain', 'agest', 'dywvt', '30 avenue de la mer', '13025', 'Berre', '1985-11-01');

--
-- Index pour les tables déchargées
--

--
-- Index pour la table `comptable`
--
ALTER TABLE `comptable`
  ADD PRIMARY KEY (`id`);

--
-- Index pour la table `etat`
--
ALTER TABLE `etat`
  ADD PRIMARY KEY (`id`);

--
-- Index pour la table `fichefrais`
--
ALTER TABLE `fichefrais`
  ADD PRIMARY KEY (`idvisiteur`,`mois`),
  ADD KEY `idetat` (`idetat`);

--
-- Index pour la table `fraisforfait`
--
ALTER TABLE `fraisforfait`
  ADD PRIMARY KEY (`id`);

--
-- Index pour la table `lignefraisforfait`
--
ALTER TABLE `lignefraisforfait`
  ADD PRIMARY KEY (`idvisiteur`,`mois`,`idfraisforfait`),
  ADD KEY `idfraisforfait` (`idfraisforfait`);

--
-- Index pour la table `lignefraishorsforfait`
--
ALTER TABLE `lignefraishorsforfait`
  ADD PRIMARY KEY (`id`),
  ADD KEY `idvisiteur` (`idvisiteur`,`mois`);

--
-- Index pour la table `visiteur`
--
ALTER TABLE `visiteur`
  ADD PRIMARY KEY (`id`);

--
-- AUTO_INCREMENT pour les tables déchargées
--

--
-- AUTO_INCREMENT pour la table `lignefraishorsforfait`
--
ALTER TABLE `lignefraishorsforfait`
  MODIFY `id` int(11) NOT NULL AUTO_INCREMENT, AUTO_INCREMENT=198223;

--
-- Contraintes pour les tables déchargées
--

--
-- Contraintes pour la table `fichefrais`
--
ALTER TABLE `fichefrais`
  ADD CONSTRAINT `fichefrais_ibfk_1` FOREIGN KEY (`idetat`) REFERENCES `etat` (`id`),
  ADD CONSTRAINT `fichefrais_ibfk_2` FOREIGN KEY (`idvisiteur`) REFERENCES `visiteur` (`id`);

--
-- Contraintes pour la table `lignefraisforfait`
--
ALTER TABLE `lignefraisforfait`
  ADD CONSTRAINT `lignefraisforfait_ibfk_1` FOREIGN KEY (`idvisiteur`,`mois`) REFERENCES `fichefrais` (`idvisiteur`, `mois`),
  ADD CONSTRAINT `lignefraisforfait_ibfk_2` FOREIGN KEY (`idfraisforfait`) REFERENCES `fraisforfait` (`id`);

--
-- Contraintes pour la table `lignefraishorsforfait`
--
ALTER TABLE `lignefraishorsforfait`
  ADD CONSTRAINT `lignefraishorsforfait_ibfk_1` FOREIGN KEY (`idvisiteur`,`mois`) REFERENCES `fichefrais` (`idvisiteur`, `mois`);
COMMIT;

/*!40101 SET CHARACTER_SET_CLIENT=@OLD_CHARACTER_SET_CLIENT */;
/*!40101 SET CHARACTER_SET_RESULTS=@OLD_CHARACTER_SET_RESULTS */;
/*!40101 SET COLLATION_CONNECTION=@OLD_COLLATION_CONNECTION */;
